CREATE DATABASE starfleetDb;
USE starfleetDb;



-- create rank table

create table IF NOT EXISTS rank (
rankCode varchar(5),
rank varchar(30),
rankCategory varchar(30),
nextSeniorRank varchar(5),
primary key (rankCode)
)engine=InnoDB;



-- create species table

create table IF NOT EXISTS species (
species varchar(30) PRIMARY KEY
)engine=InnoDB;



-- create vessel table

create table IF NOT EXISTS vessel (
callsign varchar(15) PRIMARY KEY,
name varchar(40),
classification varchar(40)
)engine=InnoDB;



-- create crew member table

create table IF NOT EXISTS crewMember (
serialNumber varchar(40),
lastName varchar(30),
firstName varchar(30),
species varchar(30),
birthday datetime,
rankCode varchar(8),
currentShipCallsign varchar(15),
foreign key (rankCode) References rank(rankCode),
foreign key (species) REFERENCES species(species),
foreign key (currentShipCallSign) references vessel(callsign),
primary key (serialNumber) 
)engine=InnoDB;



# Data for table  rank: 
INSERT INTO  rank VALUES ('ADM', 'Admiral', 'Flag Officer', 'FADM');
INSERT INTO  rank VALUES ('C1C', 'Crew Member 1st Class', 'Crew', 'PO3C');
INSERT INTO  rank VALUES ('C2C', 'Crew Member 2nd Class', 'Crew', 'C1C');
INSERT INTO  rank VALUES ('C3C', 'Crew Member 3rd Class', 'Crew', 'C2C');
INSERT INTO  rank VALUES ('CAPT', 'Captain', 'Line Officer', 'COMO');
INSERT INTO  rank VALUES ('CDR', 'Commander', 'Line Officer', 'CAPT');
INSERT INTO  rank VALUES ('CDT1', 'Cadet 1st Class', 'Cadet', 'ENS');
INSERT INTO  rank VALUES ('CDT2', 'Cadet 2nd Class', 'Cadet', 'ENS');
INSERT INTO  rank VALUES ('CDT3', 'Cadet 3rd Class', 'Cadet', 'ENS');
INSERT INTO  rank VALUES ('CDT4', 'Cadet 4th Class', 'Cadet', 'ENS');
INSERT INTO  rank VALUES ('COMO', 'Commodore', 'Flag Officer', 'RADM');
INSERT INTO  rank VALUES ('ENS', 'Ensign', 'Line Officer', 'LTJG');
INSERT INTO  rank VALUES ('FADM', 'Fleet Admiral', 'Flag Officer', '');
INSERT INTO  rank VALUES ('LCDR', 'Lieutenant Commander', 'Line Officer', 'CDR');
INSERT INTO  rank VALUES ('LT', 'Lieutenant', 'Line Officer', 'LCDR');
INSERT INTO  rank VALUES ('LTJG', 'Lieutenant Junior Grade', 'Line Officer', 'LT');
INSERT INTO  rank VALUES ('MCPO', 'Master Chief Petty Officer', 'Non-Commissioned Officer', 'ENS');
INSERT INTO  rank VALUES ('PO1C', 'Petty Officer 1st Class', 'Non-Commissioned Officer', 'SCPO');
INSERT INTO  rank VALUES ('PO2C', 'Petty Officer 2nd Class', 'Non-Commissioned Officer', 'PO1C');
INSERT INTO  rank VALUES ('PO3C', 'Petty Officer 3rd Class', 'Non-Commissioned Officer', 'PO2C');
INSERT INTO  rank VALUES ('R', 'Recruit', 'Crew', 'C3C');
INSERT INTO  rank VALUES ('RADM', 'Rear Admiral', 'Flag Officer', 'VADM');
INSERT INTO  rank VALUES ('SCPO', 'Senior Chief Petty Officer', 'Non-Commissioned Officer', 'MCPO');
INSERT INTO  rank VALUES ('VADM', 'Vice Admiral', 'Flag Officer', 'ADM');
# Data for table  species: 
INSERT INTO  species VALUES ('Andorian');
INSERT INTO  species VALUES ('Android');
INSERT INTO  species VALUES ('Antaran');
INSERT INTO  species VALUES ('Arcturian');
INSERT INTO  species VALUES ('Betazoid');
INSERT INTO  species VALUES ('Borg');
INSERT INTO  species VALUES ('Caldonian');
INSERT INTO  species VALUES ('Cardassian');
INSERT INTO  species VALUES ('Dinaali');
INSERT INTO  species VALUES ('Ferengi');
INSERT INTO  species VALUES ('Human');
INSERT INTO  species VALUES ('Klingon');
INSERT INTO  species VALUES ('Medusan');
INSERT INTO  species VALUES ('Q-being');
INSERT INTO  species VALUES ('Romulan');
INSERT INTO  species VALUES ('Sargassian');
INSERT INTO  species VALUES ('Trill');
INSERT INTO  species VALUES ('Vulcan');
# Data for table  vessel: 
INSERT INTO  vessel VALUES ('10281NCC', 'Bonaventure', 'Bonaventure-type');
INSERT INTO  vessel VALUES ('BDR-529', 'SS Santa Maria', 'Erewon-class');
INSERT INTO  vessel VALUES ('NAR-18834', 'SS Vico', 'Oberth-class');
INSERT INTO  vessel VALUES ('NCC-0514', 'USS Kelvin', 'Kelvin-type');
INSERT INTO  vessel VALUES ('NCC-1017', 'USS Constellation', 'Constitution-class');
INSERT INTO  vessel VALUES ('NCC-11574', 'USS Ajax', 'Apollo-class');
INSERT INTO  vessel VALUES ('NCC-14232', 'USS Berlin', 'Excelsior-class');
INSERT INTO  vessel VALUES ('NCC-14598', 'USS Fearless', 'Excelsior-class');
INSERT INTO  vessel VALUES ('NCC-1631', 'USS Intrepid', 'Constitution-class');
INSERT INTO  vessel VALUES ('NCC-1657', 'USS Potemkin', 'Constitution-class');
INSERT INTO  vessel VALUES ('NCC-1664', 'USS Excalibur', 'Constitution-class');
INSERT INTO  vessel VALUES ('NCC-1672', 'USS Exeter', 'Constitution-class');
INSERT INTO  vessel VALUES ('NCC-1701', 'USS Enterprise', 'Constitution-class');
INSERT INTO  vessel VALUES ('NCC-1703', 'USS Hood', 'Constitution-class');
INSERT INTO  vessel VALUES ('NCC-1709', 'USS Lexington', 'Constitution-class');
INSERT INTO  vessel VALUES ('NCC-1715', 'USS Merrimac', 'Cruiser');
INSERT INTO  vessel VALUES ('NCC-173', 'USS Essex', 'Daedalus-class');
INSERT INTO  vessel VALUES ('NCC-176', 'USS Horizon', 'Daedalus-class');
INSERT INTO  vessel VALUES ('NCC-1764', 'USS Defiant', 'Constitution-class');
INSERT INTO  vessel VALUES ('NCC-18253', 'USS Potemkin', 'Excelsior-class');
INSERT INTO  vessel VALUES ('NCC-1837', 'USS Lantree', 'Miranda-class');
INSERT INTO  vessel VALUES ('NCC-1864', 'USS Reliant', 'Miranda-class');
INSERT INTO  vessel VALUES ('NCC-1887', 'USS Saratoga', 'Miranda-class');
INSERT INTO  vessel VALUES ('NCC-19002', 'USS Yosemite', 'Oberth-class');
INSERT INTO  vessel VALUES ('NCC-1941', 'USS Bozeman', 'Soyuz-class');
INSERT INTO  vessel VALUES ('NCC-1948', 'USS Trial', 'Miranda-class');
INSERT INTO  vessel VALUES ('NCC-1974', 'USS Constellation', 'Constellation-class');
INSERT INTO  vessel VALUES ('NCC-2000', 'USS Excelsior', 'Excelsior-class');
INSERT INTO  vessel VALUES ('NCC-2010', 'USS Jenolan', 'Sydney-class');
INSERT INTO  vessel VALUES ('NCC-2010-5', 'USS Nash', 'Sydney-class');
INSERT INTO  vessel VALUES ('NCC-21166', 'USS Brattain', 'Miranda-class');
INSERT INTO  vessel VALUES ('NCC-2120', 'USS Entente', 'Dreadnought');
INSERT INTO  vessel VALUES ('NCC-21382', 'USS Tian An Men', 'Miranda-class');
INSERT INTO  vessel VALUES ('NCC-2544', 'USS Repulse', 'Excelsior-class');
INSERT INTO  vessel VALUES ('NCC-2593', 'USS Hathaway', 'Constellation-class');
INSERT INTO  vessel VALUES ('NCC-26136', 'USS Zhukov', 'Ambassador-class');
INSERT INTO  vessel VALUES ('NCC-26510', 'USS Yamaguchi', 'Ambassador-class');
INSERT INTO  vessel VALUES ('NCC-26517', 'USS Excalibur', 'Ambassador-class');
INSERT INTO  vessel VALUES ('NCC-2893', 'USS Stargazer', 'Constellation-class');
INSERT INTO  vessel VALUES ('NCC-29487', 'USS Raman', 'Science vessel');
INSERT INTO  vessel VALUES ('NCC-31060', 'USS Majestic', 'Miranda-class');
INSERT INTO  vessel VALUES ('NCC-31905', 'USS ShirKahr', 'Miranda-class');
INSERT INTO  vessel VALUES ('NCC-31910', 'USS Nautilus', 'Miranda-class');
INSERT INTO  vessel VALUES ('NCC-31911', 'USS Saratoga', 'Miranda-class');
INSERT INTO  vessel VALUES ('NCC-325', 'Woden', 'Antares-type');
INSERT INTO  vessel VALUES ('NCC-330', 'Yorkshire', 'Antares-type');
INSERT INTO  vessel VALUES ('NCC-33184', 'USS Zapata', 'Surak-class');
INSERT INTO  vessel VALUES ('NCC-37124', 'USS Trieste', 'Merced-class');
INSERT INTO  vessel VALUES ('NCC-38907', 'USS Intrepid', 'Excelsior-class');
INSERT INTO  vessel VALUES ('NCC-42043', 'USS Centaur', 'Centaur-type');
INSERT INTO  vessel VALUES ('NCC-42111', 'USS Fredrickson', 'Excelsior-class');
INSERT INTO  vessel VALUES ('NCC-42254', 'USS Curry', 'Curry-type');
INSERT INTO  vessel VALUES ('NCC-42284', 'Raging Queen', 'Curry-type');
INSERT INTO  vessel VALUES ('NCC-42285', 'USS Charleston', 'Excelsior-class');
INSERT INTO  vessel VALUES ('NCC-42296', 'USS Hood', 'Excelsior-class');
INSERT INTO  vessel VALUES ('NCC-42768', 'USS Lakota', 'Excelsior-class');
INSERT INTO  vessel VALUES ('NCC-43305', 'USS Valley Forge', 'Excelsior-class');
INSERT INTO  vessel VALUES ('NCC-45167', 'USS Aries', 'Renaissance-class');
INSERT INTO  vessel VALUES ('NCC-45231', 'USS Hornet', 'Renaissance-class');
INSERT INTO  vessel VALUES ('NCC-501', 'Antares', 'Antares-type');
INSERT INTO  vessel VALUES ('NCC-52136', 'USS Appalachia', 'Steamrunner-class');
INSERT INTO  vessel VALUES ('NCC-53847', 'USS Pegasus', 'Oberth-class');
INSERT INTO  vessel VALUES ('NCC-53911', 'SS Tsiolkovsky', 'Oberth-class');
INSERT INTO  vessel VALUES ('NCC-55232', 'USS Ajax', 'Olympic-class');
INSERT INTO  vessel VALUES ('NCC-57302', 'USS Chekov', 'Springfield-class');
INSERT INTO  vessel VALUES ('NCC-57580', 'USS Buran', 'Challenger-class');
INSERT INTO  vessel VALUES ('NCC-58925', 'USS Pasteur', 'Olympic-class');
INSERT INTO  vessel VALUES ('NCC-59318', 'USS Cochrane', 'Oberth-class');
INSERT INTO  vessel VALUES ('NCC-595', 'USS Revere', 'Scout');
INSERT INTO  vessel VALUES ('NCC-59621', 'USS Goddard', 'Korolev-class');
INSERT INTO  vessel VALUES ('NCC-602', 'USS Oberth', 'Oberth-class');
INSERT INTO  vessel VALUES ('NCC-60205', 'USS Honshu', 'Nebula-class');
INSERT INTO  vessel VALUES ('NCC-60597', 'USS Farragut', 'Nebula-class');
INSERT INTO  vessel VALUES ('NCC-61826', 'USS Monitor', 'Nebula-class');
INSERT INTO  vessel VALUES ('NCC-61827', 'USS Merrimac', 'Nebula-class');
INSERT INTO  vessel VALUES ('NCC-61947', 'USS Yeager', 'Saber-class');
INSERT INTO  vessel VALUES ('NCC-62043', 'USS Melbourne', 'Excelsior-class');
INSERT INTO  vessel VALUES ('NCC-62048', 'USS Bellerophon', 'Nebula-class');
INSERT INTO  vessel VALUES ('NCC-621', 'USS Columbia', 'Scout');
INSERT INTO  vessel VALUES ('NCC-63549', 'USS Thunderchild', 'Akira-class');
INSERT INTO  vessel VALUES ('NCC-638', 'USS Grissom', 'Oberth-class');
INSERT INTO  vessel VALUES ('NCC-64923', 'USS Budapest', 'Norway-class');
INSERT INTO  vessel VALUES ('NCC-65420', 'USS Phoenix', 'Nebula-class');
INSERT INTO  vessel VALUES ('NCC-65491', 'USS Kyushu', 'New Orleans-class');
INSERT INTO  vessel VALUES ('NCC-65530', 'USS Thomas Paine', 'New Orleans-class');
INSERT INTO  vessel VALUES ('NCC-68723', 'USS Firebrand', 'Freedom-class');
INSERT INTO  vessel VALUES ('NCC-70352', 'USS Leeds', 'Nebula-class');
INSERT INTO  vessel VALUES ('NCC-70637', 'USS Galaxy', 'Galaxy-class');
INSERT INTO  vessel VALUES ('NCC-70915', 'USS Bonchune', 'Nebula-class');
INSERT INTO  vessel VALUES ('NCC-71099', 'USS Challenger', 'Galaxy-class');
INSERT INTO  vessel VALUES ('NCC-71201', 'USS Prometheus', 'Nebula-class');
INSERT INTO  vessel VALUES ('NCC-71620', 'USS Ahwahnee', 'Cheyenne-class');
INSERT INTO  vessel VALUES ('NCC-71805', 'USS Endeavour', 'Nebula-class');
INSERT INTO  vessel VALUES ('NCC-71807', 'USS Yamato', 'Galaxy-class');
INSERT INTO  vessel VALUES ('NCC-71832', 'USS Odyssey', 'Galaxy-class');
INSERT INTO  vessel VALUES ('NCC-71854', 'USS Venture', 'Galaxy-class');
INSERT INTO  vessel VALUES ('NCC-72015', 'USS Sutherland', 'Nebula-class');
INSERT INTO  vessel VALUES ('NCC-72381', 'USS Equinox', 'Nova-class');
INSERT INTO  vessel VALUES ('NCC-72452', 'USS Rio Grande', 'Danube-class');
INSERT INTO  vessel VALUES ('NCC-72453', 'USS Yangtzee Kiang', 'Danube-class');
INSERT INTO  vessel VALUES ('NCC-72454', 'USS Ganges', 'Danube-class');
INSERT INTO  vessel VALUES ('NCC-72617', 'USS Mekong', 'Danube-class');
INSERT INTO  vessel VALUES ('NCC-72665', 'USS Botany Bay', 'PC-Transport-class');
INSERT INTO  vessel VALUES ('NCC-72701', 'USS Rhode Island', 'Nova-class');
INSERT INTO  vessel VALUES ('NCC-72905', 'USS Orinoco', 'Danube-class');
INSERT INTO  vessel VALUES ('NCC-72936', 'USS Rubicon', 'Danube-class');
INSERT INTO  vessel VALUES ('NCC-73024', 'USS Shenandoah', 'Danube-class');
INSERT INTO  vessel VALUES ('NCC-74121', 'USS Elkins', 'Elkins-type');
INSERT INTO  vessel VALUES ('NCC-74210', 'USS Valiant', 'Defiant-class');
INSERT INTO  vessel VALUES ('NCC-74600', 'USS Intrepid', 'Intrepid-class');
INSERT INTO  vessel VALUES ('NCC-74656', 'USS Voyager', 'Intrepid-class');
INSERT INTO  vessel VALUES ('NCC-74705', 'USS Bellerophon', 'Intrepid-class');
INSERT INTO  vessel VALUES ('NCC-75633', 'USS Sao Paulo', 'Defiant-class');
INSERT INTO  vessel VALUES ('NCC-9754', 'USS Victory', 'Constellation-class');
INSERT INTO  vessel VALUES ('NCC-F1913', 'USS Huron', 'Huron-type');
INSERT INTO  vessel VALUES ('NX-59650', 'USS Prometheus', 'Prometheus-class');
INSERT INTO  vessel VALUES ('NX-72307', 'USS Bradbury', 'Bradbury-class');
INSERT INTO  vessel VALUES ('NX-74205', 'USS Defiant', 'Defiant-class');
INSERT INTO  vessel VALUES ('NX-74751', 'USS Yellowstone', 'Yellowstone-class');
# Data for table  crewmember: 
INSERT INTO  crewmember VALUES ('0075-3798-EEA', 'Howe', 'Bernard', 'Cardassian', '2213-01-16 00:00:00', 'R', 'NCC-1672');
INSERT INTO  crewmember VALUES ('0077-3623-WFK', 'Mcgee', 'Kameko', 'Betazoid', '2217-04-11 00:00:00', 'MCPO', 'NCC-1672');
INSERT INTO  crewmember VALUES ('0124-2817-DAP', 'Bradford', 'Lavinia', 'Human', '2244-11-14 00:00:00', 'CDT3', 'NCC-1701');
INSERT INTO  crewmember VALUES ('0130-0674-NYN', 'Hendrix', 'Stella', 'Borg', '2263-12-22 00:00:00', 'CDT3', 'NCC-1701');
INSERT INTO  crewmember VALUES ('0132-2905-SZZ', 'Riddle', 'Nicole', 'Trill', '2275-08-19 00:00:00', 'C1C', 'NCC-1672');
INSERT INTO  crewmember VALUES ('0155-9263-DCM', 'Gibson', 'Gillian', 'Cardassian', '2252-12-04 00:00:00', 'CDT4', 'NCC-59318');
INSERT INTO  crewmember VALUES ('0158-2342-MXN', 'Cherry', 'Cally', 'Human', '2277-12-14 00:00:00', 'LT', 'NCC-1701');
INSERT INTO  crewmember VALUES ('0183-0292-CUX', 'Murphy', 'Hadley', 'Klingon', '2215-11-22 00:00:00', 'CDT3', 'NX-72307');
INSERT INTO  crewmember VALUES ('0208-8967-LNB', 'Hurst', 'Bruce', 'Borg', '2219-06-21 00:00:00', 'CDT3', 'NCC-59318');
INSERT INTO  crewmember VALUES ('0212-8605-HNO', 'Aguirre', 'acqueline', 'Medusan', '2297-11-12 00:00:00', 'PO1C', 'NCC-1672');
INSERT INTO  crewmember VALUES ('0223-0613-TEJ', 'Spence', 'Brianna', 'Arcturian', '2230-04-15 00:00:00', 'CDT4', 'NCC-59318');
INSERT INTO  crewmember VALUES ('0265-5303-XBK', 'Zamora', 'Hyacinth', 'Betazoid', '2278-06-16 00:00:00', 'VADM', 'NCC-59318');
INSERT INTO  crewmember VALUES ('0269-9808-UXQ', 'Blackwell', 'Cassady', 'Android', '2233-06-01 00:00:00', 'VADM', 'NCC-1701');
INSERT INTO  crewmember VALUES ('0282-9923-DXS', 'Hewitt', 'Forrest', 'Klingon', '2280-01-20 00:00:00', 'LT', 'NX-72307');
INSERT INTO  crewmember VALUES ('0283-9592-YDV', 'Cardenas', 'Bryar', 'Cardassian', '2249-01-19 00:00:00', 'PO2C', 'NCC-1701');
INSERT INTO  crewmember VALUES ('0303-5346-GDH', 'Morrison', 'Clare', 'Arcturian', '2212-07-05 00:00:00', 'C3C', 'NCC-1672');
INSERT INTO  crewmember VALUES ('0343-2008-JUR', 'Austin', 'Sarah', 'Vulcan', '2220-07-08 00:00:00', 'CDT4', 'NCC-1701');
INSERT INTO  crewmember VALUES ('0366-5893-NZT', 'Everett', 'Shelly', 'Borg', '2236-12-07 00:00:00', 'RADM', 'NCC-1672');
INSERT INTO  crewmember VALUES ('0387-4635-RYM', 'Dixon', 'Dean', 'Cardassian', '2228-11-03 00:00:00', 'LCDR', 'NCC-1701');
INSERT INTO  crewmember VALUES ('0402-6374-SCX', 'Bender', 'Upton', 'Trill', '2249-03-28 00:00:00', 'CDR', 'NX-72307');
INSERT INTO  crewmember VALUES ('0412-9464-UKY', 'Hardy', 'Maisie', 'Medusan', '2235-06-12 00:00:00', 'LCDR', 'NX-72307');
INSERT INTO  crewmember VALUES ('0429-1703-QQW', 'Joyce', 'Ashely', 'Betazoid', '2268-05-05 00:00:00', 'ADM', 'NX-72307');
INSERT INTO  crewmember VALUES ('0439-4402-PRG', 'Wong', 'Maya', 'Caldonian', '2221-05-16 00:00:00', 'R', 'NCC-1672');
INSERT INTO  crewmember VALUES ('0445-0744-VSE', 'Pugh', 'Cooper', 'Cardassian', '2293-12-08 00:00:00', 'CDR', 'NCC-1701');
INSERT INTO  crewmember VALUES ('0458-2027-RCN', 'Hebert', 'Nelle', 'Human', '2249-01-15 00:00:00', 'C1C', 'NCC-1701');
INSERT INTO  crewmember VALUES ('0478-0638-XAQ', 'Bonner', 'Harper', 'Android', '2294-04-16 00:00:00', 'CDT1', 'NX-72307');
INSERT INTO  crewmember VALUES ('0485-7917-DOA', 'Guerrero', 'Idola', 'Caldonian', '2255-02-17 00:00:00', 'CDT1', 'NCC-1672');
INSERT INTO  crewmember VALUES ('0489-4516-CSY', 'Zamora', 'Claudia', 'Vulcan', '2246-08-26 00:00:00', 'LTJG', 'NCC-1701');
INSERT INTO  crewmember VALUES ('0523-6354-DLB', 'Hensley', 'Unity', 'Cardassian', '2245-09-12 00:00:00', 'PO1C', 'NCC-1672');
INSERT INTO  crewmember VALUES ('0531-9932-ASE', 'Santana', 'Stacey', 'Android', '2279-03-18 00:00:00', 'LTJG', 'NCC-59318');
INSERT INTO  crewmember VALUES ('0532-7560-EMZ', 'Burton', 'Isaiah', 'Arcturian', '2268-01-14 00:00:00', 'ENS', 'NCC-59318');
INSERT INTO  crewmember VALUES ('0547-8871-ACE', 'Morrow', 'Sean', 'Betazoid', '2212-03-18 00:00:00', 'CDT1', 'NX-72307');
INSERT INTO  crewmember VALUES ('0604-2120-MFX', 'Petersen', 'Jena', 'Ferengi', '2216-11-22 00:00:00', 'MCPO', 'NCC-59318');
INSERT INTO  crewmember VALUES ('0612-7156-VAJ', 'Flynn', 'Winifred', 'Borg', '2245-12-31 00:00:00', 'CDT4', 'NCC-1672');
INSERT INTO  crewmember VALUES ('0632-4893-PDA', 'Solis', 'Xantha', 'Arcturian', '2264-09-02 00:00:00', 'RADM', 'NX-72307');
INSERT INTO  crewmember VALUES ('0638-2065-BVG', 'Berg', 'Erica', 'Android', '2309-10-12 00:00:00', 'LTJG', 'NCC-1701');
INSERT INTO  crewmember VALUES ('0664-6633-FHS', 'Wiggins', 'Chaney', 'Vulcan', '2287-02-09 00:00:00', 'FADM', 'NCC-1672');
INSERT INTO  crewmember VALUES ('0681-3084-KNB', 'Dean', 'Selma', 'Trill', '2263-10-06 00:00:00', 'CDT4', 'NCC-1672');
INSERT INTO  crewmember VALUES ('0689-5796-XTG', 'Mosley', 'Lars', 'Antaran', '2221-12-12 00:00:00', 'MCPO', 'NCC-1701');
INSERT INTO  crewmember VALUES ('0729-7950-DXX', 'Frazier', 'Edan', 'Android', '2306-01-27 00:00:00', 'CDR', 'NCC-1672');
INSERT INTO  crewmember VALUES ('0730-2391-LVZ', 'Pickett', 'Cain', 'Cardassian', '2281-10-07 00:00:00', 'LCDR', 'NX-72307');
INSERT INTO  crewmember VALUES ('0755-2753-QEM', 'Wall', 'Lars', 'Human', '2219-03-18 00:00:00', 'PO2C', 'NCC-59318');
INSERT INTO  crewmember VALUES ('0761-0967-VBC', 'Meadows', 'Martha', 'Betazoid', '2265-10-24 00:00:00', 'C2C', 'NCC-59318');
INSERT INTO  crewmember VALUES ('0761-6371-JBZ', 'Nieves', 'Tanisha', 'Cardassian', '2303-02-19 00:00:00', 'C1C', 'NCC-1672');
INSERT INTO  crewmember VALUES ('0776-1304-OJT', 'Parrish', 'Lance', 'Andorian', '2293-05-27 00:00:00', 'LT', 'NCC-1701');
INSERT INTO  crewmember VALUES ('0780-5636-XQU', 'Burke', 'Mechelle', 'Caldonian', '2220-07-31 00:00:00', 'MCPO', 'NX-72307');
INSERT INTO  crewmember VALUES ('0780-7063-BQU', 'Herman', 'Jada', 'Android', '2227-06-13 00:00:00', 'CDT2', 'NX-72307');
INSERT INTO  crewmember VALUES ('0782-0463-VDD', 'Hodges', 'Jonah', 'Caldonian', '2228-10-01 00:00:00', 'C3C', 'NX-72307');
INSERT INTO  crewmember VALUES ('0825-3615-ZMY', 'Hines', 'Georgia', 'Romulan', '2296-01-08 00:00:00', 'CDT2', 'NCC-1701');
INSERT INTO  crewmember VALUES ('0830-6958-KPL', 'Howell', 'Candace', 'Romulan', '2213-06-21 00:00:00', 'ADM', 'NCC-1672');
INSERT INTO  crewmember VALUES ('0833-6109-MEE', 'Gomez', 'Ifeoma', 'Vulcan', '2287-08-28 00:00:00', 'PO2C', 'NX-72307');
INSERT INTO  crewmember VALUES ('0854-7342-AHN', 'Carter', 'Veda', 'Dinaali', '2284-05-29 00:00:00', 'R', 'NCC-1672');
INSERT INTO  crewmember VALUES ('0854-9863-ACM', 'Allen', 'Anika', 'Medusan', '2228-10-29 00:00:00', 'VADM', 'NCC-1701');
INSERT INTO  crewmember VALUES ('0856-5177-MSC', 'Roy', 'Phoebe', 'Medusan', '2263-01-23 00:00:00', 'LTJG', 'NCC-1672');
INSERT INTO  crewmember VALUES ('0874-1124-MKR', 'Donaldson', 'Brielle', 'Betazoid', '2267-09-14 00:00:00', 'R', 'NX-72307');
INSERT INTO  crewmember VALUES ('0896-0321-QRU', 'Russell', 'Elvis', 'Antaran', '2301-07-21 00:00:00', 'SCPO', 'NCC-1672');
INSERT INTO  crewmember VALUES ('0900-1541-ZZE', 'Gill', 'Lionel', 'Arcturian', '2256-05-06 00:00:00', 'RADM', 'NCC-1672');
INSERT INTO  crewmember VALUES ('0930-9511-QJH', 'Haney', 'Harlan', 'Caldonian', '2263-11-01 00:00:00', 'C3C', 'NCC-1672');
INSERT INTO  crewmember VALUES ('0969-4195-COX', 'Hull', 'Alexa', 'Vulcan', '2305-04-24 00:00:00', 'VADM', 'NCC-59318');
INSERT INTO  crewmember VALUES ('0970-9722-EMQ', 'Combs', 'Hamish', 'Antaran', '2229-06-17 00:00:00', 'SCPO', 'NCC-59318');
INSERT INTO  crewmember VALUES ('0979-7106-GLJ', 'Hodge', 'Brittany', 'Andorian', '2226-05-02 00:00:00', 'VADM', 'NX-72307');
INSERT INTO  crewmember VALUES ('0991-3382-QRV', 'Bean', 'Rina', 'Betazoid', '2305-08-14 00:00:00', 'SCPO', 'NX-72307');
INSERT INTO  crewmember VALUES ('1034-7304-BHS', 'Miranda', 'Lacey', 'Romulan', '2271-03-30 00:00:00', 'CDT2', 'NCC-1672');
INSERT INTO  crewmember VALUES ('1059-8092-LJN', 'Sharpe', 'Jacob', 'Klingon', '2227-10-24 00:00:00', 'C2C', 'NCC-1672');
INSERT INTO  crewmember VALUES ('1073-4694-QHQ', 'Humphrey', 'Zephr', 'Android', '2268-06-22 00:00:00', 'ENS', 'NCC-59318');
INSERT INTO  crewmember VALUES ('1084-1765-MKF', 'Maldonado', 'Walter', 'Human', '2221-08-18 00:00:00', 'PO2C', 'NCC-59318');
INSERT INTO  crewmember VALUES ('1102-6616-ALN', 'Hawkins', 'Leandra', 'Android', '2287-04-15 00:00:00', 'CDT1', 'NCC-1701');
INSERT INTO  crewmember VALUES ('1129-7599-YBV', 'English', 'Hiroko', 'Klingon', '2257-09-28 00:00:00', 'C3C', 'NCC-59318');
INSERT INTO  crewmember VALUES ('1130-5485-ZCU', 'Diaz', 'Ray', 'Dinaali', '2299-11-20 00:00:00', 'RADM', 'NCC-1701');
INSERT INTO  crewmember VALUES ('1136-7852-KJP', 'England', 'Xaviera', 'Betazoid', '2292-11-13 00:00:00', 'LCDR', 'NCC-1701');
INSERT INTO  crewmember VALUES ('1153-2029-LPW', 'Vang', 'Zane', 'Ferengi', '2301-04-03 00:00:00', 'LCDR', 'NCC-1701');
INSERT INTO  crewmember VALUES ('1169-4841-ETF', 'Hancock', 'Octavius', 'Klingon', '2296-07-20 00:00:00', 'C3C', 'NCC-1701');
INSERT INTO  crewmember VALUES ('1181-1208-OUZ', 'Ellis', 'Noelani', 'Trill', '2307-11-17 00:00:00', 'CAPT', 'NCC-59318');
INSERT INTO  crewmember VALUES ('1187-6877-QKA', 'Pugh', 'Orson', 'Trill', '2215-10-05 00:00:00', 'PO2C', 'NCC-59318');
INSERT INTO  crewmember VALUES ('1191-8558-BKL', 'Lyons', 'Teagan', 'Caldonian', '2262-12-29 00:00:00', 'R', 'NCC-1701');
INSERT INTO  crewmember VALUES ('1203-8093-VXI', 'Cabrera', 'Bo', 'Arcturian', '2298-08-30 00:00:00', 'LCDR', 'NCC-59318');
INSERT INTO  crewmember VALUES ('1209-4003-LTR', 'Prince', 'Noelani', 'Vulcan', '2240-05-15 00:00:00', 'C3C', 'NCC-1701');
INSERT INTO  crewmember VALUES ('1247-5254-TGD', 'Morse', 'Aileen', 'Dinaali', '2286-05-22 00:00:00', 'LT', 'NX-72307');
INSERT INTO  crewmember VALUES ('1300-2813-XOS', 'Hull', 'Bert', 'Dinaali', '2291-04-10 00:00:00', 'C2C', 'NCC-1672');
INSERT INTO  crewmember VALUES ('1300-8359-YDX', 'Bernard', 'Karina', 'Trill', '2289-05-14 00:00:00', 'C1C', 'NCC-59318');
INSERT INTO  crewmember VALUES ('1311-7028-XUP', 'Terry', 'Ryder', 'Betazoid', '2293-08-17 00:00:00', 'MCPO', 'NCC-59318');
INSERT INTO  crewmember VALUES ('1332-0095-RFK', 'Carrillo', 'Xander', 'Cardassian', '2281-09-22 00:00:00', 'ENS', 'NCC-1672');
INSERT INTO  crewmember VALUES ('1343-8126-ZVU', 'Vasquez', 'Rashad', 'Vulcan', '2280-07-02 00:00:00', 'RADM', 'NCC-1701');
INSERT INTO  crewmember VALUES ('1373-0969-UFQ', 'Sloan', 'Nell', 'Cardassian', '2229-05-15 00:00:00', 'LT', 'NCC-59318');
INSERT INTO  crewmember VALUES ('1401-4851-PLD', 'Burke', 'Donna', 'Borg', '2278-06-29 00:00:00', 'C1C', 'NCC-1672');
INSERT INTO  crewmember VALUES ('1410-8775-EXZ', 'Harrison', 'Quamar', 'Andorian', '2263-08-10 00:00:00', 'C1C', 'NCC-1672');
INSERT INTO  crewmember VALUES ('1423-6263-SAK', 'Baker', 'Virginia', 'Andorian', '2310-08-18 00:00:00', 'C2C', 'NCC-1672');
INSERT INTO  crewmember VALUES ('1457-4606-DXG', 'Wise', 'Seth', 'Cardassian', '2249-07-07 00:00:00', 'FADM', 'NCC-1672');
INSERT INTO  crewmember VALUES ('1495-7514-YHG', 'Cantu', 'Ariana', 'Vulcan', '2242-08-15 00:00:00', 'LTJG', 'NX-72307');
INSERT INTO  crewmember VALUES ('1496-8460-RAL', 'Downs', 'Briar', 'Arcturian', '2290-11-07 00:00:00', 'PO1C', 'NX-72307');
INSERT INTO  crewmember VALUES ('1502-5295-NLW', 'Olsen', 'Autumn', 'Medusan', '2223-06-11 00:00:00', 'LT', 'NCC-1701');
INSERT INTO  crewmember VALUES ('1517-9399-GEF', 'Mcfadden', 'Ruth', 'Ferengi', '2248-10-10 00:00:00', 'CAPT', 'NCC-1701');
INSERT INTO  crewmember VALUES ('1536-6056-IYX', 'Cervantes', 'Wang', 'Medusan', '2249-07-14 00:00:00', 'CDR', 'NCC-1672');
INSERT INTO  crewmember VALUES ('1540-2391-SLM', 'Joyner', 'Nichole', 'Andorian', '2242-09-25 00:00:00', 'C2C', 'NCC-1672');
INSERT INTO  crewmember VALUES ('1556-3327-KLI', 'Chase', 'Erica', 'Andorian', '2262-10-20 00:00:00', 'R', 'NCC-1701');
INSERT INTO  crewmember VALUES ('1580-6888-CXC', 'Miranda', 'Laurel', 'Human', '2216-05-23 00:00:00', 'COMO', 'NCC-59318');
INSERT INTO  crewmember VALUES ('1583-2611-RXV', 'Humphrey', 'Kim', 'Trill', '2307-05-09 00:00:00', 'R', 'NX-72307');
INSERT INTO  crewmember VALUES ('1596-1432-UYR', 'Mcdowell', 'Priscilla', 'Antaran', '2212-10-16 00:00:00', 'CAPT', 'NCC-59318');
INSERT INTO  crewmember VALUES ('1598-3664-VHX', 'Mccall', 'Karen', 'Antaran', '2282-07-21 00:00:00', 'LT', 'NCC-1701');
INSERT INTO  crewmember VALUES ('1614-1877-MDQ', 'Wiggins', 'Uriah', 'Dinaali', '2309-07-15 00:00:00', 'R', 'NCC-1672');
INSERT INTO  crewmember VALUES ('1639-9574-EZT', 'Coffey', 'Lael', 'Caldonian', '2278-05-15 00:00:00', 'SCPO', 'NCC-1672');
INSERT INTO  crewmember VALUES ('1655-2489-COA', 'Roman', 'Dahlia', 'Betazoid', '2236-07-20 00:00:00', 'ENS', 'NX-72307');
INSERT INTO  crewmember VALUES ('1663-8942-ICH', 'Cantu', 'Aimee', 'Vulcan', '2219-03-07 00:00:00', 'MCPO', 'NCC-59318');
INSERT INTO  crewmember VALUES ('1668-8217-ZOF', 'Cole', 'Erica', 'Antaran', '2226-06-09 00:00:00', 'CDT3', 'NCC-59318');
INSERT INTO  crewmember VALUES ('1698-4610-DPV', 'Weaver', 'Odysseus', 'Medusan', '2296-01-19 00:00:00', 'CDR', 'NCC-1701');
INSERT INTO  crewmember VALUES ('1720-9739-XMP', 'Barrera', 'Quentin', 'Antaran', '2222-02-01 00:00:00', 'C1C', 'NX-72307');
INSERT INTO  crewmember VALUES ('1727-3424-WED', 'Vang', 'Carissa', 'Cardassian', '2229-02-04 00:00:00', 'PO1C', 'NX-72307');
INSERT INTO  crewmember VALUES ('1738-5860-BGO', 'Fisher', 'Ciaran', 'Medusan', '2242-06-06 00:00:00', 'LT', 'NX-72307');
INSERT INTO  crewmember VALUES ('1746-7522-IXQ', 'Welch', 'Acton', 'Betazoid', '2279-04-03 00:00:00', 'CDT3', 'NCC-1672');
INSERT INTO  crewmember VALUES ('1748-2371-KUW', 'Dawson', 'Amela', 'Android', '2242-01-05 00:00:00', 'CAPT', 'NCC-1672');
INSERT INTO  crewmember VALUES ('1754-0071-JTY', 'Marquez', 'Cassandra', 'Caldonian', '2230-11-22 00:00:00', 'C3C', 'NX-72307');
INSERT INTO  crewmember VALUES ('1803-3862-VUV', 'Pruitt', 'Ginger', 'Dinaali', '2294-06-23 00:00:00', 'LTJG', 'NCC-1672');
INSERT INTO  crewmember VALUES ('1815-3767-IGN', 'Strickland', 'Armand', 'Betazoid', '2255-06-21 00:00:00', 'CDT4', 'NCC-1701');
INSERT INTO  crewmember VALUES ('1830-9240-TLY', 'Yang', 'Gillian', 'Andorian', '2294-07-06 00:00:00', 'PO2C', 'NCC-59318');
INSERT INTO  crewmember VALUES ('1849-6693-ETC', 'Bender', 'Stewart', 'Klingon', '2231-08-12 00:00:00', 'C3C', 'NCC-1672');
INSERT INTO  crewmember VALUES ('1898-1220-CXF', 'Booth', 'Cassidy', 'Human', '2295-07-09 00:00:00', 'PO2C', 'NCC-1701');
INSERT INTO  crewmember VALUES ('1914-4279-EBY', 'Vasquez', 'Bernard', 'Cardassian', '2261-08-28 00:00:00', 'PO1C', 'NCC-59318');
INSERT INTO  crewmember VALUES ('1978-9734-GFB', 'Nielsen', 'Mara', 'Dinaali', '2237-08-03 00:00:00', 'VADM', 'NCC-1701');
INSERT INTO  crewmember VALUES ('1999-6434-AUI', 'Rodriguez', 'Zachery', 'Android', '2232-11-25 00:00:00', 'C2C', 'NCC-59318');
INSERT INTO  crewmember VALUES ('2004-8840-SOB', 'Weber', 'Kevyn', 'Klingon', '2263-07-01 00:00:00', 'CAPT', 'NCC-59318');
INSERT INTO  crewmember VALUES ('2047-5913-THD', 'Gray', 'Nyssa', 'Cardassian', '2293-04-27 00:00:00', 'CDT4', 'NCC-1701');
INSERT INTO  crewmember VALUES ('2066-7765-CBN', 'Larsen', 'Fitzgerald', 'Klingon', '2234-03-08 00:00:00', 'C3C', 'NCC-1672');
INSERT INTO  crewmember VALUES ('2067-1181-VMS', 'Dorsey', 'Adria', 'Vulcan', '2261-03-21 00:00:00', 'CDR', 'NCC-1701');
INSERT INTO  crewmember VALUES ('2072-8370-AAR', 'Olson', 'Callie', 'Borg', '2267-11-25 00:00:00', 'CAPT', 'NCC-1672');
INSERT INTO  crewmember VALUES ('2080-4257-ION', 'Fields', 'Dorothy', 'Borg', '2302-04-20 00:00:00', 'FADM', 'NX-72307');
INSERT INTO  crewmember VALUES ('2082-6764-ROK', 'Maynard', 'Helen', 'Human', '2300-10-30 00:00:00', 'CDT1', 'NCC-1672');
INSERT INTO  crewmember VALUES ('2085-5375-UHP', 'Ortega', 'Meredith', 'Ferengi', '2214-04-18 00:00:00', 'R', 'NCC-1701');
INSERT INTO  crewmember VALUES ('2086-6417-JZU', 'Ball', 'Fulton', 'Dinaali', '2275-01-17 00:00:00', 'CAPT', 'NCC-1701');
INSERT INTO  crewmember VALUES ('2095-0903-UQY', 'Garcia', 'Tucker', 'Dinaali', '2296-04-18 00:00:00', 'LTJG', 'NX-72307');
INSERT INTO  crewmember VALUES ('2126-3845-DJK', 'Ochoa', 'Walker', 'Andorian', '2293-06-11 00:00:00', 'VADM', 'NCC-1672');
INSERT INTO  crewmember VALUES ('2198-3014-URN', 'Acevedo', 'Yetta', 'Ferengi', '2290-10-05 00:00:00', 'ENS', 'NCC-1701');
INSERT INTO  crewmember VALUES ('2207-4176-ESQ', 'Marks', 'Axel', 'Medusan', '2257-03-02 00:00:00', 'RADM', 'NCC-1672');
INSERT INTO  crewmember VALUES ('2229-3716-ZOC', 'Cortez', 'Lionel', 'Klingon', '2248-07-02 00:00:00', 'C2C', 'NCC-1701');
INSERT INTO  crewmember VALUES ('2249-4705-OYM', 'Keith', 'Dexter', 'Medusan', '2257-05-04 00:00:00', 'ADM', 'NCC-59318');
INSERT INTO  crewmember VALUES ('2303-7046-PTA', 'Crosby', 'Zorita', 'Ferengi', '2277-09-14 00:00:00', 'SCPO', 'NCC-1672');
INSERT INTO  crewmember VALUES ('2306-4577-RPN', 'Schroeder', 'Dorothy', 'Cardassian', '2296-11-06 00:00:00', 'COMO', 'NCC-1701');
INSERT INTO  crewmember VALUES ('2306-5791-NET', 'French', 'Evelyn', 'Borg', '2267-06-19 00:00:00', 'CDR', 'NCC-1701');
INSERT INTO  crewmember VALUES ('2310-5920-GIP', 'Juarez', 'Emi', 'Antaran', '2252-07-09 00:00:00', 'CDT2', 'NX-72307');
INSERT INTO  crewmember VALUES ('2325-0189-SEE', 'Norton', 'Jaden', 'Medusan', '2212-03-30 00:00:00', 'CDT4', 'NCC-1701');
INSERT INTO  crewmember VALUES ('2330-5661-AGY', 'Mcdowell', 'Jarrod', 'Trill', '2269-04-01 00:00:00', 'RADM', 'NX-72307');
INSERT INTO  crewmember VALUES ('2331-4968-YPX', 'Henry', 'Morgan', 'Arcturian', '2257-11-30 00:00:00', 'PO2C', 'NCC-1672');
INSERT INTO  crewmember VALUES ('2362-9454-NLY', 'Hines', 'Erin', 'Cardassian', '2218-10-30 00:00:00', 'LT', 'NCC-1672');
INSERT INTO  crewmember VALUES ('2397-5632-CXZ', 'Thornton', 'acqueline', 'Dinaali', '2265-01-17 00:00:00', 'CDT1', 'NCC-59318');
INSERT INTO  crewmember VALUES ('2403-9088-GCH', 'Solis', 'Thor', 'Andorian', '2304-12-01 00:00:00', 'LT', 'NCC-1701');
INSERT INTO  crewmember VALUES ('2423-8556-RVQ', 'Hogan', 'Hedwig', 'Android', '2292-04-30 00:00:00', 'CDT1', 'NX-72307');
INSERT INTO  crewmember VALUES ('2427-0978-CVP', 'Johnson', 'Lance', 'Borg', '2295-09-19 00:00:00', 'PO3C', 'NCC-1701');
INSERT INTO  crewmember VALUES ('2430-4707-TUT', 'Solis', 'Francesca', 'Medusan', '2242-05-26 00:00:00', 'C1C', 'NCC-1701');
INSERT INTO  crewmember VALUES ('2484-6117-YTY', 'Curtis', 'Mohammad', 'Arcturian', '2269-11-19 00:00:00', 'VADM', 'NX-72307');
INSERT INTO  crewmember VALUES ('2486-4408-TCY', 'Walls', 'Brynn', 'Klingon', '2232-06-03 00:00:00', 'ENS', 'NCC-1672');
INSERT INTO  crewmember VALUES ('2529-0273-GTG', 'Irwin', 'Tana', 'Klingon', '2250-01-17 00:00:00', 'LCDR', 'NCC-59318');
INSERT INTO  crewmember VALUES ('2566-3581-AOJ', 'Sparks', 'Tara', 'Antaran', '2309-03-20 00:00:00', 'COMO', 'NCC-1701');
INSERT INTO  crewmember VALUES ('2579-9110-NEJ', 'Clark', 'Nyssa', 'Andorian', '2288-01-12 00:00:00', 'CDT1', 'NX-72307');
INSERT INTO  crewmember VALUES ('2581-5559-EQT', 'Fernandez', 'Wynter', 'Android', '2282-03-25 00:00:00', 'PO3C', 'NX-72307');
INSERT INTO  crewmember VALUES ('2630-1768-JJB', 'Navarro', 'Reagan', 'Arcturian', '2273-05-20 00:00:00', 'C2C', 'NCC-59318');
INSERT INTO  crewmember VALUES ('2640-4238-DMP', 'Bullock', 'Hadassah', 'Ferengi', '2219-06-30 00:00:00', 'CDR', 'NX-72307');
INSERT INTO  crewmember VALUES ('2651-5295-PQX', 'Eaton', 'Zane', 'Borg', '2217-01-26 00:00:00', 'C1C', 'NCC-1672');
INSERT INTO  crewmember VALUES ('2728-0388-NRN', 'Herrera', 'Claudia', 'Android', '2292-01-09 00:00:00', 'PO2C', 'NX-72307');
INSERT INTO  crewmember VALUES ('2731-8510-MJW', 'Lindsay', 'Willa', 'Romulan', '2298-10-12 00:00:00', 'COMO', 'NX-72307');
INSERT INTO  crewmember VALUES ('2738-8213-RHV', 'Abbott', 'Kane', 'Human', '2261-08-29 00:00:00', 'SCPO', 'NCC-1672');
INSERT INTO  crewmember VALUES ('2761-9545-EUR', 'Hebert', 'Rhonda', 'Ferengi', '2220-06-05 00:00:00', 'C1C', 'NCC-59318');
INSERT INTO  crewmember VALUES ('2763-4656-ICU', 'Gillespie', 'Chadwick', 'Vulcan', '2246-01-25 00:00:00', 'LTJG', 'NCC-1672');
INSERT INTO  crewmember VALUES ('2800-9612-ABV', 'Avila', 'Eleanor', 'Antaran', '2228-10-04 00:00:00', 'ENS', 'NCC-1701');
INSERT INTO  crewmember VALUES ('2853-0049-LWT', 'Hall', 'Dacey', 'Medusan', '2215-12-04 00:00:00', 'C2C', 'NCC-59318');
INSERT INTO  crewmember VALUES ('2878-6613-KLH', 'Brewer', 'Ima', 'Arcturian', '2234-06-23 00:00:00', 'VADM', 'NCC-59318');
INSERT INTO  crewmember VALUES ('2879-0703-HYD', 'Jackson', 'Nell', 'Romulan', '2265-10-29 00:00:00', 'ADM', 'NCC-59318');
INSERT INTO  crewmember VALUES ('2887-1530-LGX', 'Haynes', 'John', 'Klingon', '2244-04-05 00:00:00', 'COMO', 'NX-72307');
INSERT INTO  crewmember VALUES ('2918-9557-IFG', 'Cole', 'Camden', 'Android', '2293-04-19 00:00:00', 'ENS', 'NCC-1672');
INSERT INTO  crewmember VALUES ('2928-9595-VEE', 'Velez', 'August', 'Antaran', '2270-09-06 00:00:00', 'PO1C', 'NX-72307');
INSERT INTO  crewmember VALUES ('2935-7674-NXQ', 'Graves', 'Patrick', 'Cardassian', '2253-12-21 00:00:00', 'ENS', 'NCC-1701');
INSERT INTO  crewmember VALUES ('2940-6147-OQO', 'Wilder', 'Allen', 'Android', '2247-12-18 00:00:00', 'PO2C', 'NCC-59318');
INSERT INTO  crewmember VALUES ('2947-6931-MXC', 'Molina', 'Zelda', 'Arcturian', '2247-07-14 00:00:00', 'PO2C', 'NCC-1672');
INSERT INTO  crewmember VALUES ('2959-2367-ABL', 'Chen', 'Kennan', 'Betazoid', '2231-03-09 00:00:00', 'CDT1', 'NCC-1672');
INSERT INTO  crewmember VALUES ('2971-9858-DWE', 'Ortega', 'Nadine', 'Cardassian', '2255-02-18 00:00:00', 'FADM', 'NCC-1701');
INSERT INTO  crewmember VALUES ('3002-9606-CDY', 'Stephenson', 'Neil', 'Cardassian', '2286-01-07 00:00:00', 'PO2C', 'NCC-59318');
INSERT INTO  crewmember VALUES ('3015-1319-HLK', 'Hayes', 'Hamilton', 'Borg', '2213-01-26 00:00:00', 'FADM', 'NX-72307');
INSERT INTO  crewmember VALUES ('3026-0469-ROT', 'Hale', 'Dai', 'Arcturian', '2275-08-22 00:00:00', 'FADM', 'NX-72307');
INSERT INTO  crewmember VALUES ('3081-8822-BAI', 'Moon', 'Holly', 'Arcturian', '2309-07-31 00:00:00', 'C1C', 'NX-72307');
INSERT INTO  crewmember VALUES ('3154-3303-LSV', 'Ferguson', 'Rinah', 'Android', '2267-01-24 00:00:00', 'PO3C', 'NCC-1701');
INSERT INTO  crewmember VALUES ('3164-8503-UAZ', 'Orr', 'Deacon', 'Cardassian', '2256-02-06 00:00:00', 'ENS', 'NX-72307');
INSERT INTO  crewmember VALUES ('3183-7670-LEP', 'Puckett', 'Shelly', 'Betazoid', '2218-09-05 00:00:00', 'PO1C', 'NX-72307');
INSERT INTO  crewmember VALUES ('3196-4379-UNT', 'Ingram', 'Brian', 'Trill', '2256-06-20 00:00:00', 'SCPO', 'NCC-1672');
INSERT INTO  crewmember VALUES ('3200-5880-TTB', 'Carroll', 'Gemma', 'Klingon', '2281-12-28 00:00:00', 'RADM', 'NCC-59318');
INSERT INTO  crewmember VALUES ('3205-3404-BOO', 'Cabrera', 'TaShya', 'Android', '2282-09-28 00:00:00', 'CDT2', 'NCC-1672');
INSERT INTO  crewmember VALUES ('3223-5876-FCF', 'Reeves', 'Quyn', 'Human', '2224-12-01 00:00:00', 'PO3C', 'NCC-1672');
INSERT INTO  crewmember VALUES ('3239-7207-AAQ', 'Herman', 'Castor', 'Vulcan', '2288-10-25 00:00:00', 'CAPT', 'NCC-1701');
INSERT INTO  crewmember VALUES ('3250-7106-YHR', 'Buck', 'Burton', 'Arcturian', '2279-06-19 00:00:00', 'C3C', 'NCC-59318');
INSERT INTO  crewmember VALUES ('3255-1417-SQA', 'Fry', 'Harlan', 'Caldonian', '2241-03-23 00:00:00', 'C3C', 'NCC-59318');
INSERT INTO  crewmember VALUES ('3267-0480-DDU', 'Dorsey', 'Kirsten', 'Android', '2294-10-23 00:00:00', 'LTJG', 'NX-72307');
INSERT INTO  crewmember VALUES ('3270-3567-ULY', 'Dejesus', 'Jana', 'Medusan', '2211-06-13 00:00:00', 'CDT4', 'NX-72307');
INSERT INTO  crewmember VALUES ('3277-8661-FGG', 'Andrews', 'Axel', 'Borg', '2252-12-26 00:00:00', 'R', 'NCC-59318');
INSERT INTO  crewmember VALUES ('3281-2304-MWN', 'Allen', 'Phoebe', 'Android', '2266-12-15 00:00:00', 'CDR', 'NCC-59318');
INSERT INTO  crewmember VALUES ('3288-4916-OBW', 'Neal', 'Bell', 'Ferengi', '2285-07-07 00:00:00', 'FADM', 'NCC-1672');
INSERT INTO  crewmember VALUES ('3302-0492-YAV', 'Murray', 'Naomi', 'Medusan', '2272-03-04 00:00:00', 'RADM', 'NCC-1701');
INSERT INTO  crewmember VALUES ('3346-0646-MOM', 'Waters', 'Cally', 'Vulcan', '2225-06-26 00:00:00', 'CAPT', 'NCC-1672');
INSERT INTO  crewmember VALUES ('3374-6506-NTQ', 'Ramirez', 'Hayden', 'Caldonian', '2273-11-29 00:00:00', 'PO3C', 'NX-72307');
INSERT INTO  crewmember VALUES ('3404-5482-WHN', 'Camacho', 'Vivien', 'Dinaali', '2248-11-07 00:00:00', 'LCDR', 'NCC-1672');
INSERT INTO  crewmember VALUES ('3422-5098-BEB', 'Mercer', 'Colt', 'Human', '2264-07-25 00:00:00', 'C3C', 'NCC-1672');
INSERT INTO  crewmember VALUES ('3429-5975-KNX', 'Bruce', 'Margaret', 'Human', '2280-10-03 00:00:00', 'LCDR', 'NCC-59318');
INSERT INTO  crewmember VALUES ('3433-4608-OGF', 'Albert', 'Angela', 'Antaran', '2291-05-23 00:00:00', 'VADM', 'NCC-1672');
INSERT INTO  crewmember VALUES ('3443-5699-SSJ', 'Browning', 'Rudyard', 'Andorian', '2266-05-28 00:00:00', 'COMO', 'NX-72307');
INSERT INTO  crewmember VALUES ('3451-5739-NJF', 'Hendrix', 'Charles', 'Dinaali', '2216-10-04 00:00:00', 'C3C', 'NCC-1701');
INSERT INTO  crewmember VALUES ('3473-5263-GEC', 'Larson', 'Melanie', 'Android', '2225-06-27 00:00:00', 'CDT2', 'NX-72307');
INSERT INTO  crewmember VALUES ('3476-1631-DSS', 'Craft', 'Regina', 'Borg', '2231-07-31 00:00:00', 'CDR', 'NCC-1701');
INSERT INTO  crewmember VALUES ('3477-9432-VGA', 'Hays', 'Alea', 'Arcturian', '2232-09-29 00:00:00', 'R', 'NCC-1701');
INSERT INTO  crewmember VALUES ('3504-8111-ALV', 'Hull', 'Slade', 'Human', '2214-11-25 00:00:00', 'MCPO', 'NX-72307');
INSERT INTO  crewmember VALUES ('3517-2064-BDU', 'Gonzalez', 'Kaseem', 'Antaran', '2221-07-04 00:00:00', 'R', 'NCC-1672');
INSERT INTO  crewmember VALUES ('3527-9783-YYA', 'Webster', 'Alfreda', 'Android', '2232-01-27 00:00:00', 'PO3C', 'NCC-1701');
INSERT INTO  crewmember VALUES ('3539-2329-YQK', 'Ford', 'Sarah', 'Human', '2216-02-28 00:00:00', 'PO1C', 'NCC-59318');
INSERT INTO  crewmember VALUES ('3546-1797-BAW', 'Santiago', 'Ashton', 'Vulcan', '2275-09-03 00:00:00', 'LT', 'NCC-1701');
INSERT INTO  crewmember VALUES ('3579-8151-MMD', 'Bowman', 'Clinton', 'Vulcan', '2229-09-09 00:00:00', 'VADM', 'NCC-1701');
INSERT INTO  crewmember VALUES ('3650-0345-GEM', 'Bender', 'Randall', 'Betazoid', '2230-06-07 00:00:00', 'MCPO', 'NX-72307');
INSERT INTO  crewmember VALUES ('3663-3295-KTS', 'Horne', 'Zia', 'Caldonian', '2252-09-21 00:00:00', 'FADM', 'NX-72307');
INSERT INTO  crewmember VALUES ('3671-9467-BGS', 'Carlson', 'Yetta', 'Trill', '2268-06-13 00:00:00', 'CDT2', 'NCC-1672');
INSERT INTO  crewmember VALUES ('3706-9386-KUJ', 'Herman', 'Rowan', 'Human', '2237-01-23 00:00:00', 'SCPO', 'NCC-1672');
INSERT INTO  crewmember VALUES ('3732-5676-IJO', 'English', 'Daryl', 'Dinaali', '2261-11-15 00:00:00', 'PO3C', 'NX-72307');
INSERT INTO  crewmember VALUES ('3758-2904-RRH', 'Suarez', 'Xantha', 'Cardassian', '2307-09-25 00:00:00', 'VADM', 'NCC-59318');
INSERT INTO  crewmember VALUES ('3769-6288-JZI', 'Olson', 'Adrian', 'Antaran', '2289-02-21 00:00:00', 'CDT4', 'NCC-1701');
INSERT INTO  crewmember VALUES ('3785-4184-VFO', 'Price', 'Celeste', 'Borg', '2268-11-19 00:00:00', 'VADM', 'NCC-1701');
INSERT INTO  crewmember VALUES ('3793-8909-HTL', 'Padilla', 'Cody', 'Klingon', '2249-11-24 00:00:00', 'CDT4', 'NCC-1701');
INSERT INTO  crewmember VALUES ('3799-4545-MUJ', 'Glenn', 'Dane', 'Borg', '2261-11-12 00:00:00', 'LTJG', 'NCC-59318');
INSERT INTO  crewmember VALUES ('3800-8576-TOJ', 'Vazquez', 'Laura', 'Andorian', '2285-07-11 00:00:00', 'R', 'NCC-1672');
INSERT INTO  crewmember VALUES ('3806-5171-NHP', 'Mcintosh', 'Brett', 'Dinaali', '2286-04-24 00:00:00', 'C2C', 'NCC-1672');
INSERT INTO  crewmember VALUES ('3845-7085-NXK', 'Randall', 'Reese', 'Ferengi', '2283-04-24 00:00:00', 'PO3C', 'NCC-59318');
INSERT INTO  crewmember VALUES ('3860-4919-BHU', 'Weiss', 'Karina', 'Caldonian', '2252-12-14 00:00:00', 'RADM', 'NCC-1672');
INSERT INTO  crewmember VALUES ('3862-0483-IBZ', 'Baxter', 'Cecilia', 'Antaran', '2244-07-28 00:00:00', 'C2C', 'NCC-1672');
INSERT INTO  crewmember VALUES ('3886-0859-FHX', 'Coffey', 'Cameran', 'Antaran', '2223-11-15 00:00:00', 'LCDR', 'NCC-1701');
INSERT INTO  crewmember VALUES ('3892-1778-OPF', 'Zamora', 'Axel', 'Dinaali', '2263-12-28 00:00:00', 'C3C', 'NCC-59318');
INSERT INTO  crewmember VALUES ('3900-7903-XYD', 'Nguyen', 'Neve', 'Android', '2251-03-14 00:00:00', 'RADM', 'NCC-1672');
INSERT INTO  crewmember VALUES ('3901-6968-YSS', 'Simmons', 'Zane', 'Arcturian', '2273-08-16 00:00:00', 'CDT1', 'NCC-59318');
INSERT INTO  crewmember VALUES ('3925-1140-DLP', 'Lindsey', 'Lareina', 'Dinaali', '2241-06-01 00:00:00', 'SCPO', 'NX-72307');
INSERT INTO  crewmember VALUES ('3927-0401-IWD', 'Richmond', 'Allistair', 'Arcturian', '2213-09-21 00:00:00', 'LTJG', 'NCC-1672');
INSERT INTO  crewmember VALUES ('3949-3584-GZS', 'Sanchez', 'Linda', 'Romulan', '2254-08-21 00:00:00', 'PO2C', 'NCC-1672');
INSERT INTO  crewmember VALUES ('3957-7966-TZZ', 'Bender', 'Xenos', 'Vulcan', '2282-08-29 00:00:00', 'C3C', 'NCC-59318');
INSERT INTO  crewmember VALUES ('3981-0521-OWY', 'Warren', 'Abdul', 'Medusan', '2279-04-12 00:00:00', 'MCPO', 'NCC-59318');
INSERT INTO  crewmember VALUES ('3988-9293-QMD', 'Mack', 'Libby', 'Arcturian', '2220-08-13 00:00:00', 'ADM', 'NCC-59318');
INSERT INTO  crewmember VALUES ('4002-1218-LTF', 'Solis', 'Ella', 'Dinaali', '2213-06-27 00:00:00', 'RADM', 'NCC-1672');
INSERT INTO  crewmember VALUES ('4002-9510-TNY', 'Snyder', 'Melanie', 'Betazoid', '2224-03-25 00:00:00', 'CDT3', 'NCC-1701');
INSERT INTO  crewmember VALUES ('4007-5441-YFM', 'Rios', 'Emma', 'Cardassian', '2244-09-07 00:00:00', 'COMO', 'NCC-1701');
INSERT INTO  crewmember VALUES ('4019-8093-ZEK', 'Montoya', 'Jameson', 'Caldonian', '2257-01-26 00:00:00', 'CDT4', 'NCC-1701');
INSERT INTO  crewmember VALUES ('4040-2208-QSR', 'Brown', 'Neville', 'Trill', '2255-03-30 00:00:00', 'LCDR', 'NX-72307');
INSERT INTO  crewmember VALUES ('4044-1016-OQL', 'Nelson', 'Brittany', 'Borg', '2274-09-04 00:00:00', 'VADM', 'NX-72307');
INSERT INTO  crewmember VALUES ('4055-8817-IHD', 'Jarvis', 'Brennan', 'Andorian', '2277-03-22 00:00:00', 'C3C', 'NX-72307');
INSERT INTO  crewmember VALUES ('4062-8509-DTG', 'Beach', 'Emi', 'Medusan', '2239-12-21 00:00:00', 'CDR', 'NCC-1672');
INSERT INTO  crewmember VALUES ('4065-3462-OBY', 'Potts', 'Moana', 'Andorian', '2308-12-27 00:00:00', 'C2C', 'NCC-59318');
INSERT INTO  crewmember VALUES ('4066-1130-VTG', 'Mcintosh', 'Phelan', 'Android', '2220-07-30 00:00:00', 'LT', 'NCC-1701');
INSERT INTO  crewmember VALUES ('4085-5249-FTL', 'Adkins', 'Aurora', 'Human', '2259-10-14 00:00:00', 'CDT4', 'NCC-59318');
INSERT INTO  crewmember VALUES ('4101-2912-IWH', 'Petersen', 'Illana', 'Betazoid', '2222-01-28 00:00:00', 'VADM', 'NCC-1701');
INSERT INTO  crewmember VALUES ('4128-5954-CDL', 'Oliver', 'Emi', 'Borg', '2241-01-14 00:00:00', 'COMO', 'NX-72307');
INSERT INTO  crewmember VALUES ('4131-8976-YYB', 'Richard', 'Ima', 'Trill', '2251-05-23 00:00:00', 'C2C', 'NX-72307');
INSERT INTO  crewmember VALUES ('4172-4369-GJK', 'Chang', 'Gay', 'Betazoid', '2222-08-15 00:00:00', 'LT', 'NX-72307');
INSERT INTO  crewmember VALUES ('4180-8060-YRL', 'Rosa', 'Logan', 'Trill', '2237-12-22 00:00:00', 'ENS', 'NCC-1701');
INSERT INTO  crewmember VALUES ('4217-7094-HDA', 'Livingston', 'Marny', 'Cardassian', '2230-12-15 00:00:00', 'R', 'NCC-59318');
INSERT INTO  crewmember VALUES ('4219-6621-EWD', 'Barrett', 'Madaline', 'Borg', '2305-04-02 00:00:00', 'CDT1', 'NCC-1701');
INSERT INTO  crewmember VALUES ('4221-8953-ECP', 'Park', 'Zachary', 'Andorian', '2225-01-03 00:00:00', 'VADM', 'NCC-59318');
INSERT INTO  crewmember VALUES ('4242-1096-KMM', 'Burch', 'Risa', 'Andorian', '2243-03-18 00:00:00', 'VADM', 'NX-72307');
INSERT INTO  crewmember VALUES ('4250-4390-LBO', 'Foster', 'Avye', 'Android', '2259-05-12 00:00:00', 'VADM', 'NCC-59318');
INSERT INTO  crewmember VALUES ('4268-5191-GYY', 'Mills', 'Mary', 'Betazoid', '2230-04-04 00:00:00', 'RADM', 'NX-72307');
INSERT INTO  crewmember VALUES ('4339-1421-ZJC', 'Hill', 'Amity', 'Betazoid', '2269-04-24 00:00:00', 'CDT2', 'NCC-1701');
INSERT INTO  crewmember VALUES ('4344-0901-AAQ', 'Valencia', 'Mary', 'Betazoid', '2222-03-01 00:00:00', 'CDT3', 'NCC-1672');
INSERT INTO  crewmember VALUES ('4354-1343-HDH', 'Gamble', 'Dean', 'Trill', '2290-05-14 00:00:00', 'CDT3', 'NCC-1701');
INSERT INTO  crewmember VALUES ('4354-3756-IDH', 'Foreman', 'Gannon', 'Dinaali', '2227-02-11 00:00:00', 'PO1C', 'NCC-1672');
INSERT INTO  crewmember VALUES ('4363-9872-UYX', 'Edwards', 'Neil', 'Dinaali', '2264-04-27 00:00:00', 'CAPT', 'NCC-59318');
INSERT INTO  crewmember VALUES ('4371-9448-QBT', 'Oneill', 'Quamar', 'Android', '2274-10-16 00:00:00', 'R', 'NCC-1672');
INSERT INTO  crewmember VALUES ('4383-7377-XEM', 'Baxter', 'Whilemina', 'Romulan', '2287-08-26 00:00:00', 'ENS', 'NCC-1701');
INSERT INTO  crewmember VALUES ('4383-8030-VMW', 'Blair', 'Rama', 'Betazoid', '2261-01-08 00:00:00', 'LT', 'NCC-59318');
INSERT INTO  crewmember VALUES ('4384-2011-RDU', 'Nieves', 'Benjamin', 'Cardassian', '2236-12-11 00:00:00', 'C1C', 'NCC-1672');
INSERT INTO  crewmember VALUES ('4406-1079-LMU', 'Cooper', 'Barry', 'Vulcan', '2277-11-28 00:00:00', 'C3C', 'NCC-59318');
INSERT INTO  crewmember VALUES ('4412-1776-IZZ', 'Mcclure', 'Merrill', 'Arcturian', '2301-02-07 00:00:00', 'CDR', 'NCC-1701');
INSERT INTO  crewmember VALUES ('4427-0708-PDQ', 'Leblanc', 'Chancellor', 'Trill', '2223-11-09 00:00:00', 'PO2C', 'NCC-1672');
INSERT INTO  crewmember VALUES ('4464-4854-PMX', 'Berg', 'Hunter', 'Ferengi', '2213-02-17 00:00:00', 'ENS', 'NX-72307');
INSERT INTO  crewmember VALUES ('4468-5603-KNQ', 'Lancaster', 'Aurora', 'Caldonian', '2240-09-30 00:00:00', 'C1C', 'NCC-59318');
INSERT INTO  crewmember VALUES ('4471-8568-MTZ', 'Schmidt', 'Colt', 'Ferengi', '2260-07-21 00:00:00', 'CDT2', 'NCC-59318');
INSERT INTO  crewmember VALUES ('4474-4217-YFG', 'Marquez', 'Pearl', 'Betazoid', '2245-03-25 00:00:00', 'CDT4', 'NCC-1672');
INSERT INTO  crewmember VALUES ('4520-3581-IAC', 'Parsons', 'Wang', 'Dinaali', '2258-10-16 00:00:00', 'PO3C', 'NX-72307');
INSERT INTO  crewmember VALUES ('4524-3903-GDO', 'Patterson', 'Illana', 'Ferengi', '2269-11-02 00:00:00', 'PO3C', 'NCC-59318');
INSERT INTO  crewmember VALUES ('4532-6677-MEW', 'Mccullough', 'Lucy', 'Android', '2241-02-18 00:00:00', 'RADM', 'NX-72307');
INSERT INTO  crewmember VALUES ('4537-4850-HUC', 'Frost', 'Zia', 'Android', '2212-04-06 00:00:00', 'MCPO', 'NCC-59318');
INSERT INTO  crewmember VALUES ('4549-4541-NKL', 'Mcfarland', 'Linus', 'Cardassian', '2279-12-12 00:00:00', 'COMO', 'NCC-59318');
INSERT INTO  crewmember VALUES ('4601-5391-BPH', 'Lane', 'Ahmed', 'Dinaali', '2272-12-04 00:00:00', 'VADM', 'NCC-1701');
INSERT INTO  crewmember VALUES ('4637-2554-DAU', 'Hobbs', 'Karleigh', 'Arcturian', '2246-07-09 00:00:00', 'CAPT', 'NCC-59318');
INSERT INTO  crewmember VALUES ('4644-6651-LWV', 'Valdez', 'Winter', 'Caldonian', '2217-02-18 00:00:00', 'ADM', 'NCC-1701');
INSERT INTO  crewmember VALUES ('4656-9274-UUW', 'Brown', 'Aladdin', 'Dinaali', '2250-10-28 00:00:00', 'CDT1', 'NCC-1701');
INSERT INTO  crewmember VALUES ('4678-8393-QEG', 'Nixon', 'Jaquelyn', 'Vulcan', '2212-04-14 00:00:00', 'CDR', 'NCC-1701');
INSERT INTO  crewmember VALUES ('4694-8488-GHZ', 'Randolph', 'Kirby', 'Caldonian', '2268-10-09 00:00:00', 'PO2C', 'NCC-59318');
INSERT INTO  crewmember VALUES ('4695-4041-EHL', 'Gould', 'Byron', 'Trill', '2244-07-01 00:00:00', 'CDT1', 'NX-72307');
INSERT INTO  crewmember VALUES ('4700-0665-GVL', 'Good', 'Owen', 'Android', '2271-11-24 00:00:00', 'PO3C', 'NX-72307');
INSERT INTO  crewmember VALUES ('4707-6089-EES', 'Meyers', 'Paki', 'Dinaali', '2308-12-11 00:00:00', 'COMO', 'NCC-1701');
INSERT INTO  crewmember VALUES ('4725-7241-PJL', 'Blair', 'Cameron', 'Antaran', '2301-02-28 00:00:00', 'C1C', 'NX-72307');
INSERT INTO  crewmember VALUES ('4814-8349-XAM', 'Joseph', 'Eric', 'Trill', '2225-11-29 00:00:00', 'LCDR', 'NCC-1701');
INSERT INTO  crewmember VALUES ('4815-9417-IET', 'Hickman', 'Prescott', 'Dinaali', '2239-10-24 00:00:00', 'COMO', 'NX-72307');
INSERT INTO  crewmember VALUES ('4860-8894-BWK', 'West', 'Dexter', 'Betazoid', '2218-12-15 00:00:00', 'CDR', 'NCC-59318');
INSERT INTO  crewmember VALUES ('4890-9480-SUO', 'Woods', 'Vincent', 'Cardassian', '2250-06-13 00:00:00', 'CDR', 'NCC-1701');
INSERT INTO  crewmember VALUES ('4903-0266-RNL', 'Hinton', 'Gage', 'Dinaali', '2271-02-14 00:00:00', 'LT', 'NCC-59318');
INSERT INTO  crewmember VALUES ('4909-7866-YVX', 'Wood', 'Brody', 'Andorian', '2221-04-20 00:00:00', 'C3C', 'NCC-59318');
INSERT INTO  crewmember VALUES ('4924-4074-HKJ', 'White', 'Malik', 'Trill', '2233-01-22 00:00:00', 'COMO', 'NX-72307');
INSERT INTO  crewmember VALUES ('4928-5883-OSO', 'Vaughn', 'Perry', 'Klingon', '2243-09-28 00:00:00', 'CDR', 'NX-72307');
INSERT INTO  crewmember VALUES ('4950-1899-UUD', 'Bernard', 'Giacomo', 'Romulan', '2301-11-12 00:00:00', 'CDT2', 'NCC-1701');
INSERT INTO  crewmember VALUES ('4978-2541-FBT', 'Massey', 'Aladdin', 'Vulcan', '2253-06-28 00:00:00', 'CDT1', 'NCC-59318');
INSERT INTO  crewmember VALUES ('4997-1879-GBU', 'Obrien', 'Kibo', 'Andorian', '2213-09-22 00:00:00', 'FADM', 'NX-72307');
INSERT INTO  crewmember VALUES ('5005-0379-TRM', 'Diaz', 'Palmer', 'Android', '2225-03-26 00:00:00', 'C1C', 'NCC-59318');
INSERT INTO  crewmember VALUES ('5009-4109-ZRN', 'Davis', 'Abdul', 'Betazoid', '2233-01-27 00:00:00', 'CDT1', 'NX-72307');
INSERT INTO  crewmember VALUES ('5044-1090-IZG', 'Cherry', 'Georgia', 'Trill', '2232-11-26 00:00:00', 'PO2C', 'NCC-1701');
INSERT INTO  crewmember VALUES ('5068-2406-XOK', 'Newton', 'Bree', 'Dinaali', '2267-03-01 00:00:00', 'R', 'NCC-1672');
INSERT INTO  crewmember VALUES ('5077-1739-ADN', 'Osborne', 'Gwendolyn', 'Android', '2291-10-31 00:00:00', 'C3C', 'NCC-59318');
INSERT INTO  crewmember VALUES ('5105-8889-RUX', 'Jones', 'Flynn', 'Klingon', '2266-01-10 00:00:00', 'CDT1', 'NCC-59318');
INSERT INTO  crewmember VALUES ('5121-9510-KFM', 'Stafford', 'Michael', 'Android', '2244-11-01 00:00:00', 'LCDR', 'NX-72307');
INSERT INTO  crewmember VALUES ('5135-6080-ELX', 'Pacheco', 'Chadwick', 'Romulan', '2259-07-02 00:00:00', 'SCPO', 'NX-72307');
INSERT INTO  crewmember VALUES ('5150-9601-ZMI', 'French', 'Libby', 'Borg', '2266-10-09 00:00:00', 'FADM', 'NCC-59318');
INSERT INTO  crewmember VALUES ('5165-6191-KPF', 'Petersen', 'Anjolie', 'Ferengi', '2283-06-21 00:00:00', 'MCPO', 'NCC-59318');
INSERT INTO  crewmember VALUES ('5177-8233-YVH', 'Maynard', 'Sheila', 'Ferengi', '2307-06-26 00:00:00', 'RADM', 'NCC-1672');
INSERT INTO  crewmember VALUES ('5210-5128-OCL', 'Leblanc', 'Lana', 'Andorian', '2278-05-20 00:00:00', 'ENS', 'NCC-1701');
INSERT INTO  crewmember VALUES ('5215-2256-DND', 'Love', 'Halee', 'Romulan', '2307-01-22 00:00:00', 'SCPO', 'NCC-59318');
INSERT INTO  crewmember VALUES ('5246-0347-PBD', 'Noel', 'Sybil', 'Caldonian', '2266-04-25 00:00:00', 'CDT4', 'NCC-59318');
INSERT INTO  crewmember VALUES ('5252-3654-XOS', 'William', 'Ignacia', 'Medusan', '2277-09-30 00:00:00', 'CAPT', 'NCC-1672');
INSERT INTO  crewmember VALUES ('5282-7507-KSE', 'Rowe', 'Gannon', 'Arcturian', '2295-09-06 00:00:00', 'LTJG', 'NX-72307');
INSERT INTO  crewmember VALUES ('5292-0828-RBJ', 'Little', 'Juliet', 'Vulcan', '2294-12-08 00:00:00', 'CDR', 'NCC-59318');
INSERT INTO  crewmember VALUES ('5298-6240-POZ', 'Owen', 'Aurelia', 'Arcturian', '2299-05-22 00:00:00', 'COMO', 'NX-72307');
INSERT INTO  crewmember VALUES ('5311-4004-NEB', 'Irwin', 'Sydney', 'Borg', '2289-10-11 00:00:00', 'RADM', 'NX-72307');
INSERT INTO  crewmember VALUES ('5311-5750-DBR', 'Patton', 'Vanna', 'Medusan', '2267-03-20 00:00:00', 'CAPT', 'NCC-59318');
INSERT INTO  crewmember VALUES ('5319-8638-PNS', 'Ball', 'Coby', 'Arcturian', '2225-10-19 00:00:00', 'CDR', 'NCC-59318');
INSERT INTO  crewmember VALUES ('5331-5671-OGD', 'Jacobs', 'Leo', 'Borg', '2225-10-31 00:00:00', 'ADM', 'NX-72307');
INSERT INTO  crewmember VALUES ('5334-4862-OGF', 'Fry', 'Abraham', 'Antaran', '2263-05-16 00:00:00', 'CDT4', 'NX-72307');
INSERT INTO  crewmember VALUES ('5338-7568-TWS', 'Salas', 'Duncan', 'Klingon', '2215-07-04 00:00:00', 'COMO', 'NCC-1672');
INSERT INTO  crewmember VALUES ('5389-4368-BPW', 'Gross', 'Ivana', 'Andorian', '2260-07-02 00:00:00', 'CDT2', 'NCC-59318');
INSERT INTO  crewmember VALUES ('5400-2667-QLY', 'Koch', 'Moana', 'Caldonian', '2232-08-16 00:00:00', 'CDT3', 'NCC-1701');
INSERT INTO  crewmember VALUES ('5415-1528-KRO', 'Hinton', 'Holly', 'Vulcan', '2244-09-21 00:00:00', 'PO3C', 'NX-72307');
INSERT INTO  crewmember VALUES ('5440-9726-UAY', 'Orr', 'Grady', 'Betazoid', '2239-12-10 00:00:00', 'ADM', 'NCC-1672');
INSERT INTO  crewmember VALUES ('5458-8543-MIJ', 'Ward', 'Madison', 'Medusan', '2280-06-28 00:00:00', 'CDT1', 'NCC-59318');
INSERT INTO  crewmember VALUES ('5459-7934-OXM', 'Sawyer', 'Len', 'Andorian', '2279-02-09 00:00:00', 'C1C', 'NCC-1701');
INSERT INTO  crewmember VALUES ('5517-4701-CMV', 'Noel', 'Kenneth', 'Antaran', '2253-02-08 00:00:00', 'CDT1', 'NCC-1672');
INSERT INTO  crewmember VALUES ('5535-6177-LRZ', 'Parrish', 'Bell', 'Klingon', '2229-11-03 00:00:00', 'FADM', 'NCC-1672');
INSERT INTO  crewmember VALUES ('5539-0721-NPD', 'Hamilton', 'Noelle', 'Trill', '2309-06-21 00:00:00', 'RADM', 'NCC-1672');
INSERT INTO  crewmember VALUES ('5546-9877-XEE', 'Herman', 'Bell', 'Dinaali', '2219-08-30 00:00:00', 'PO1C', 'NCC-1701');
INSERT INTO  crewmember VALUES ('5555-3291-KPG', 'Rice', 'Madeson', 'Andorian', '2250-01-20 00:00:00', 'CDT4', 'NCC-59318');
INSERT INTO  crewmember VALUES ('5560-7845-WYA', 'Butler', 'Aquila', 'Andorian', '2266-09-16 00:00:00', 'PO2C', 'NCC-1701');
INSERT INTO  crewmember VALUES ('5572-3175-WVL', 'Hoover', 'Nadine', 'Andorian', '2294-11-02 00:00:00', 'ENS', 'NCC-59318');
INSERT INTO  crewmember VALUES ('5595-0455-ZUY', 'Reeves', 'Whitney', 'Vulcan', '2304-09-18 00:00:00', 'ENS', 'NCC-59318');
INSERT INTO  crewmember VALUES ('5625-4265-IGS', 'Maynard', 'Kenyon', 'Betazoid', '2268-04-18 00:00:00', 'CAPT', 'NX-72307');
INSERT INTO  crewmember VALUES ('5633-9715-YAO', 'Gillespie', 'Brianna', 'Dinaali', '2265-11-19 00:00:00', 'LTJG', 'NCC-1672');
INSERT INTO  crewmember VALUES ('5645-6438-QEP', 'Mcfadden', 'Hannah', 'Human', '2301-09-27 00:00:00', 'PO1C', 'NCC-1672');
INSERT INTO  crewmember VALUES ('5656-2082-CJS', 'Cantrell', 'Rooney', 'Klingon', '2238-05-22 00:00:00', 'LCDR', 'NCC-1701');
INSERT INTO  crewmember VALUES ('5670-7913-RKE', 'Mckay', 'Martena', 'Android', '2248-03-30 00:00:00', 'FADM', 'NCC-59318');
INSERT INTO  crewmember VALUES ('5708-2390-OFF', 'Head', 'Yuli', 'Human', '2214-07-20 00:00:00', 'ENS', 'NCC-1701');
INSERT INTO  crewmember VALUES ('5734-4009-YCA', 'Steele', 'Tanner', 'Human', '2280-10-19 00:00:00', 'PO1C', 'NCC-59318');
INSERT INTO  crewmember VALUES ('5749-1504-JNI', 'Jacobs', 'Evelyn', 'Medusan', '2251-06-08 00:00:00', 'CDT2', 'NX-72307');
INSERT INTO  crewmember VALUES ('5757-4850-SUB', 'Williams', 'Melinda', 'Arcturian', '2282-12-31 00:00:00', 'CDT3', 'NCC-1701');
INSERT INTO  crewmember VALUES ('5761-0482-MPH', 'Peters', 'Mufutau', 'Vulcan', '2249-07-19 00:00:00', 'C3C', 'NX-72307');
INSERT INTO  crewmember VALUES ('5802-8233-ONT', 'Galloway', 'Quin', 'Cardassian', '2211-09-09 00:00:00', 'VADM', 'NCC-1672');
INSERT INTO  crewmember VALUES ('5803-1046-OCD', 'Burris', 'Tatum', 'Caldonian', '2231-05-14 00:00:00', 'LCDR', 'NX-72307');
INSERT INTO  crewmember VALUES ('5807-9837-MGY', 'Mckinney', 'Grace', 'Ferengi', '2227-04-28 00:00:00', 'COMO', 'NX-72307');
INSERT INTO  crewmember VALUES ('5808-8069-HHP', 'Hickman', 'Daniel', 'Vulcan', '2214-05-09 00:00:00', 'PO2C', 'NCC-59318');
INSERT INTO  crewmember VALUES ('5812-6591-VGH', 'Buckley', 'Dora', 'Trill', '2232-03-23 00:00:00', 'CDT1', 'NCC-1672');
INSERT INTO  crewmember VALUES ('5856-1799-JEI', 'Black', 'Burton', 'Andorian', '2238-10-05 00:00:00', 'CDT3', 'NX-72307');
INSERT INTO  crewmember VALUES ('5883-1743-ZOQ', 'Wood', 'Cathleen', 'Ferengi', '2294-08-19 00:00:00', 'ADM', 'NCC-1701');
INSERT INTO  crewmember VALUES ('5894-1204-AZF', 'Salas', 'Oleg', 'Betazoid', '2215-12-21 00:00:00', 'PO2C', 'NCC-59318');
INSERT INTO  crewmember VALUES ('5898-9991-GGZ', 'Norman', 'Mufutau', 'Andorian', '2212-04-04 00:00:00', 'PO3C', 'NX-72307');
INSERT INTO  crewmember VALUES ('5935-7966-IDU', 'Clay', 'Zahir', 'Arcturian', '2255-12-26 00:00:00', 'R', 'NX-72307');
INSERT INTO  crewmember VALUES ('5960-6382-SIZ', 'Monroe', 'Jordan', 'Caldonian', '2238-09-20 00:00:00', 'VADM', 'NCC-1701');
INSERT INTO  crewmember VALUES ('5976-7624-EEN', 'Hendrix', 'Isabelle', 'Trill', '2217-10-01 00:00:00', 'CDT4', 'NCC-1701');
INSERT INTO  crewmember VALUES ('5999-2587-YAW', 'Gilmore', 'Imelda', 'Ferengi', '2251-06-24 00:00:00', 'CDR', 'NCC-1701');
INSERT INTO  crewmember VALUES ('5999-5563-AFB', 'Booth', 'Ariana', 'Antaran', '2269-12-11 00:00:00', 'FADM', 'NCC-1701');
INSERT INTO  crewmember VALUES ('6010-0380-DQJ', 'Patel', 'Victoria', 'Caldonian', '2284-08-19 00:00:00', 'ADM', 'NCC-59318');
INSERT INTO  crewmember VALUES ('6039-4170-QER', 'Dawson', 'Angelica', 'Antaran', '2229-09-12 00:00:00', 'C3C', 'NX-72307');
INSERT INTO  crewmember VALUES ('6042-6026-BOC', 'Frederick', 'Ahmed', 'Vulcan', '2228-11-08 00:00:00', 'PO3C', 'NX-72307');
INSERT INTO  crewmember VALUES ('6045-0556-CWB', 'Saunders', 'Grady', 'Cardassian', '2237-01-02 00:00:00', 'CAPT', 'NCC-1701');
INSERT INTO  crewmember VALUES ('6098-4643-WAW', 'Sanders', 'Maisie', 'Trill', '2290-09-08 00:00:00', 'RADM', 'NCC-59318');
INSERT INTO  crewmember VALUES ('6132-7609-VJN', 'Gregory', 'Colette', 'Vulcan', '2233-06-27 00:00:00', 'FADM', 'NX-72307');
INSERT INTO  crewmember VALUES ('6147-2511-CLA', 'Shannon', 'Remedios', 'Dinaali', '2261-08-28 00:00:00', 'COMO', 'NCC-1701');
INSERT INTO  crewmember VALUES ('6156-7180-BPW', 'Benson', 'Vaughan', 'Medusan', '2309-03-17 00:00:00', 'CDT1', 'NX-72307');
INSERT INTO  crewmember VALUES ('6164-5886-KLE', 'Hughes', 'Quinlan', 'Klingon', '2249-01-12 00:00:00', 'FADM', 'NCC-1701');
INSERT INTO  crewmember VALUES ('6172-1360-EBU', 'Sellers', 'Ulric', 'Caldonian', '2267-02-17 00:00:00', 'LCDR', 'NCC-1672');
INSERT INTO  crewmember VALUES ('6192-3334-LVV', 'Ramirez', 'Hyacinth', 'Cardassian', '2272-01-03 00:00:00', 'SCPO', 'NCC-1672');
INSERT INTO  crewmember VALUES ('6207-7942-BCZ', 'Acosta', 'Leandra', 'Caldonian', '2257-03-05 00:00:00', 'MCPO', 'NX-72307');
INSERT INTO  crewmember VALUES ('6219-7186-VLC', 'Reyes', 'Paul', 'Antaran', '2277-07-04 00:00:00', 'LT', 'NCC-1701');
INSERT INTO  crewmember VALUES ('6236-9731-IIF', 'Wise', 'Colt', 'Arcturian', '2240-03-31 00:00:00', 'CDT2', 'NX-72307');
INSERT INTO  crewmember VALUES ('6237-6782-DAJ', 'Beasley', 'Quentin', 'Klingon', '2285-09-25 00:00:00', 'PO2C', 'NCC-1701');
INSERT INTO  crewmember VALUES ('6259-5242-EGJ', 'Barnett', 'Angela', 'Vulcan', '2219-11-02 00:00:00', 'FADM', 'NCC-1701');
INSERT INTO  crewmember VALUES ('6264-9795-JVD', 'Woods', 'Craig', 'Caldonian', '2240-06-19 00:00:00', 'ADM', 'NX-72307');
INSERT INTO  crewmember VALUES ('6277-4513-VZL', 'Dominguez', 'Mark', 'Arcturian', '2220-05-09 00:00:00', 'ENS', 'NCC-1672');
INSERT INTO  crewmember VALUES ('6291-6235-DEP', 'Pollard', 'Yasir', 'Vulcan', '2292-06-11 00:00:00', 'PO1C', 'NX-72307');
INSERT INTO  crewmember VALUES ('6313-1771-RND', 'Sullivan', 'Kieran', 'Cardassian', '2305-07-29 00:00:00', 'C3C', 'NCC-59318');
INSERT INTO  crewmember VALUES ('6322-3182-ZWJ', 'Miles', 'Kasper', 'Antaran', '2264-10-23 00:00:00', 'FADM', 'NX-72307');
INSERT INTO  crewmember VALUES ('6333-3879-TXW', 'Guy', 'Oscar', 'Caldonian', '2261-05-15 00:00:00', 'C1C', 'NCC-59318');
INSERT INTO  crewmember VALUES ('6339-9118-CTP', 'Patel', 'Denise', 'Klingon', '2279-09-17 00:00:00', 'ENS', 'NCC-1672');
INSERT INTO  crewmember VALUES ('6364-7287-VDW', 'Alexander', 'Dieter', 'Vulcan', '2225-06-08 00:00:00', 'RADM', 'NCC-59318');
INSERT INTO  crewmember VALUES ('6364-9959-RZQ', 'Levine', 'Lance', 'Arcturian', '2211-04-11 00:00:00', 'CDR', 'NX-72307');
INSERT INTO  crewmember VALUES ('6370-2432-CZJ', 'Duran', 'Robin', 'Borg', '2266-06-06 00:00:00', 'LCDR', 'NCC-1672');
INSERT INTO  crewmember VALUES ('6372-0018-FOL', 'Johnston', 'Eleanor', 'Romulan', '2256-05-27 00:00:00', 'PO2C', 'NCC-1701');
INSERT INTO  crewmember VALUES ('6417-4702-LWR', 'Stephenson', 'Chadwick', 'Vulcan', '2271-07-19 00:00:00', 'SCPO', 'NX-72307');
INSERT INTO  crewmember VALUES ('6450-2580-JHE', 'Sandoval', 'Hilda', 'Borg', '2302-05-18 00:00:00', 'CDR', 'NCC-59318');
INSERT INTO  crewmember VALUES ('6484-3558-HKP', 'Mcknight', 'Eugenia', 'Dinaali', '2225-03-06 00:00:00', 'RADM', 'NCC-1701');
INSERT INTO  crewmember VALUES ('6500-7187-XPP', 'Mccray', 'Elaine', 'Medusan', '2232-03-24 00:00:00', 'LT', 'NCC-59318');
INSERT INTO  crewmember VALUES ('6503-2109-EWH', 'Hill', 'Abel', 'Antaran', '2268-11-22 00:00:00', 'VADM', 'NCC-59318');
INSERT INTO  crewmember VALUES ('6510-5559-VFJ', 'Bowen', 'Melyssa', 'Andorian', '2214-12-10 00:00:00', 'COMO', 'NCC-1672');
INSERT INTO  crewmember VALUES ('6512-4148-QYP', 'West', 'Darrel', 'Arcturian', '2228-12-31 00:00:00', 'PO3C', 'NX-72307');
INSERT INTO  crewmember VALUES ('6512-9286-CIJ', 'Carter', 'Emmanuel', 'Andorian', '2231-07-20 00:00:00', 'C2C', 'NCC-1672');
INSERT INTO  crewmember VALUES ('6533-7913-IYE', 'Case', 'Chester', 'Romulan', '2225-01-20 00:00:00', 'LT', 'NX-72307');
INSERT INTO  crewmember VALUES ('6562-3865-ZPV', 'Flynn', 'Isadora', 'Arcturian', '2220-05-01 00:00:00', 'ADM', 'NCC-59318');
INSERT INTO  crewmember VALUES ('6568-4077-QLQ', 'Hess', 'Carter', 'Andorian', '2240-05-13 00:00:00', 'PO3C', 'NCC-1701');
INSERT INTO  crewmember VALUES ('6585-2405-PQN', 'Fitzpatrick', 'Sade', 'Antaran', '2243-12-01 00:00:00', 'LCDR', 'NCC-1672');
INSERT INTO  crewmember VALUES ('6587-1550-QEH', 'Mcgee', 'Irma', 'Dinaali', '2243-05-15 00:00:00', 'VADM', 'NCC-1701');
INSERT INTO  crewmember VALUES ('6609-9390-EZK', 'Potter', 'Charde', 'Android', '2302-02-02 00:00:00', 'CDT3', 'NCC-1701');
INSERT INTO  crewmember VALUES ('6620-6568-GHC', 'Walton', 'Dominique', 'Dinaali', '2293-02-19 00:00:00', 'COMO', 'NX-72307');
INSERT INTO  crewmember VALUES ('6629-6958-JEI', 'Reynolds', 'Nerea', 'Borg', '2306-02-04 00:00:00', 'SCPO', 'NCC-1672');
INSERT INTO  crewmember VALUES ('6655-8945-YBN', 'Baker', 'Lucian', 'Antaran', '2274-12-27 00:00:00', 'MCPO', 'NCC-1701');
INSERT INTO  crewmember VALUES ('6658-6954-FJE', 'Fields', 'Kasper', 'Arcturian', '2295-02-19 00:00:00', 'PO1C', 'NX-72307');
INSERT INTO  crewmember VALUES ('6675-6264-FTP', 'Pittman', 'Baxter', 'Dinaali', '2237-11-16 00:00:00', 'C1C', 'NCC-1701');
INSERT INTO  crewmember VALUES ('6689-8285-BIQ', 'Perkins', 'Kennan', 'Andorian', '2247-04-17 00:00:00', 'FADM', 'NX-72307');
INSERT INTO  crewmember VALUES ('6693-7053-YKQ', 'Herman', 'Zeus', 'Trill', '2255-04-12 00:00:00', 'SCPO', 'NCC-1672');
INSERT INTO  crewmember VALUES ('6703-1470-SOH', 'Mcclain', 'Armand', 'Caldonian', '2225-08-25 00:00:00', 'CDT3', 'NCC-59318');
INSERT INTO  crewmember VALUES ('6710-2561-GTN', 'Carr', 'Sylvester', 'Andorian', '2268-09-25 00:00:00', 'PO3C', 'NX-72307');
INSERT INTO  crewmember VALUES ('6711-8342-ZGW', 'Powell', 'Alisa', 'Vulcan', '2231-07-12 00:00:00', 'MCPO', 'NCC-59318');
INSERT INTO  crewmember VALUES ('6720-8203-CLT', 'Gallegos', 'Olympia', 'Cardassian', '2278-04-05 00:00:00', 'CDR', 'NCC-1701');
INSERT INTO  crewmember VALUES ('6742-6166-QZW', 'Savage', 'Libby', 'Human', '2235-11-01 00:00:00', 'LTJG', 'NCC-59318');
INSERT INTO  crewmember VALUES ('6745-0150-VVL', 'Doyle', 'Ira', 'Medusan', '2244-06-15 00:00:00', 'C1C', 'NCC-59318');
INSERT INTO  crewmember VALUES ('6749-0681-TGH', 'Munoz', 'Chandler', 'Vulcan', '2248-11-17 00:00:00', 'CAPT', 'NCC-1672');
INSERT INTO  crewmember VALUES ('6757-8648-TZQ', 'Stone', 'Adam', 'Human', '2270-06-05 00:00:00', 'CDT1', 'NCC-59318');
INSERT INTO  crewmember VALUES ('6776-9498-MZD', 'Cooper', 'Gannon', 'Caldonian', '2249-10-21 00:00:00', 'RADM', 'NCC-59318');
INSERT INTO  crewmember VALUES ('6817-7721-LOE', 'Barron', 'Perry', 'Andorian', '2242-11-25 00:00:00', 'LCDR', 'NCC-1701');
INSERT INTO  crewmember VALUES ('6823-0435-VOF', 'Crosby', 'Finn', 'Trill', '2212-07-22 00:00:00', 'CDR', 'NCC-59318');
INSERT INTO  crewmember VALUES ('6823-1615-VLC', 'Mullins', 'Hu', 'Andorian', '2265-11-06 00:00:00', 'CDT2', 'NCC-1701');
INSERT INTO  crewmember VALUES ('6833-1802-AUA', 'Morrison', 'Orson', 'Ferengi', '2238-05-23 00:00:00', 'CDT4', 'NCC-1672');
INSERT INTO  crewmember VALUES ('6841-4317-OFI', 'Harmon', 'Hedy', 'Android', '2250-12-13 00:00:00', 'C1C', 'NCC-59318');
INSERT INTO  crewmember VALUES ('6845-1493-CBE', 'Gillespie', 'Vaughan', 'Betazoid', '2241-11-29 00:00:00', 'LTJG', 'NCC-59318');
INSERT INTO  crewmember VALUES ('6864-8111-BDI', 'Campos', 'Simon', 'Arcturian', '2218-07-15 00:00:00', 'CDT1', 'NCC-1701');
INSERT INTO  crewmember VALUES ('6870-1759-MRZ', 'Barr', 'Amy', 'Borg', '2308-12-12 00:00:00', 'C2C', 'NCC-59318');
INSERT INTO  crewmember VALUES ('6880-2593-OFC', 'Sawyer', 'Allegra', 'Caldonian', '2231-08-26 00:00:00', 'C3C', 'NCC-1672');
INSERT INTO  crewmember VALUES ('6890-1512-RIU', 'Clark', 'Jaden', 'Betazoid', '2264-07-05 00:00:00', 'CDT2', 'NCC-59318');
INSERT INTO  crewmember VALUES ('6891-6339-GLU', 'Scott', 'Ivana', 'Android', '2254-06-07 00:00:00', 'C2C', 'NCC-59318');
INSERT INTO  crewmember VALUES ('6904-5653-HGJ', 'Glass', 'Bianca', 'Medusan', '2266-09-09 00:00:00', 'ENS', 'NCC-1701');
INSERT INTO  crewmember VALUES ('6918-4369-CHR', 'Figueroa', 'Shea', 'Trill', '2274-07-21 00:00:00', 'CAPT', 'NCC-1701');
INSERT INTO  crewmember VALUES ('6927-5427-LWU', 'Howe', 'Raphael', 'Klingon', '2211-08-20 00:00:00', 'R', 'NCC-59318');
INSERT INTO  crewmember VALUES ('6933-1452-GPT', 'Cooke', 'Denton', 'Klingon', '2250-11-26 00:00:00', 'COMO', 'NCC-1672');
INSERT INTO  crewmember VALUES ('6955-8080-QVE', 'Marquez', 'Arsenio', 'Arcturian', '2291-05-20 00:00:00', 'COMO', 'NCC-59318');
INSERT INTO  crewmember VALUES ('6971-7509-HVK', 'Walter', 'Audrey', 'Romulan', '2297-12-19 00:00:00', 'FADM', 'NCC-59318');
INSERT INTO  crewmember VALUES ('6974-4976-LEO', 'Jacobson', 'Ariana', 'Human', '2259-03-12 00:00:00', 'LTJG', 'NCC-1672');
INSERT INTO  crewmember VALUES ('7009-4085-GVH', 'Deleon', 'Susan', 'Caldonian', '2219-12-12 00:00:00', 'CAPT', 'NCC-59318');
INSERT INTO  crewmember VALUES ('7015-1298-LRJ', 'Heath', 'Petra', 'Cardassian', '2233-06-20 00:00:00', 'PO1C', 'NCC-1701');
INSERT INTO  crewmember VALUES ('7016-5018-MIY', 'Young', 'Ivan', 'Android', '2288-03-26 00:00:00', 'CDT2', 'NCC-1672');
INSERT INTO  crewmember VALUES ('7033-3929-AFL', 'Gibbs', 'Hayden', 'Caldonian', '2297-07-23 00:00:00', 'R', 'NCC-59318');
INSERT INTO  crewmember VALUES ('7033-4500-NEV', 'Abbott', 'Pamela', 'Medusan', '2302-09-15 00:00:00', 'LTJG', 'NX-72307');
INSERT INTO  crewmember VALUES ('7034-4825-QRB', 'Mann', 'Jescie', 'Trill', '2240-04-25 00:00:00', 'PO3C', 'NCC-1672');
INSERT INTO  crewmember VALUES ('7079-9246-YXE', 'Russo', 'Nicholas', 'Betazoid', '2242-01-06 00:00:00', 'MCPO', 'NCC-1672');
INSERT INTO  crewmember VALUES ('7113-2383-CYP', 'Stout', 'Lara', 'Romulan', '2297-02-12 00:00:00', 'COMO', 'NCC-59318');
INSERT INTO  crewmember VALUES ('7146-8018-OLH', 'Gomez', 'Bell', 'Arcturian', '2272-06-23 00:00:00', 'SCPO', 'NCC-1672');
INSERT INTO  crewmember VALUES ('7150-4843-SFJ', 'Nielsen', 'Cassidy', 'Romulan', '2213-06-02 00:00:00', 'CDT1', 'NCC-1672');
INSERT INTO  crewmember VALUES ('7153-0279-IEY', 'Spence', 'Lael', 'Andorian', '2288-04-29 00:00:00', 'PO2C', 'NCC-59318');
INSERT INTO  crewmember VALUES ('7153-5091-NHQ', 'Albert', 'Connor', 'Arcturian', '2264-02-10 00:00:00', 'LCDR', 'NCC-59318');
INSERT INTO  crewmember VALUES ('7179-2197-AAV', 'Juarez', 'Leo', 'Arcturian', '2263-09-02 00:00:00', 'PO1C', 'NCC-1672');
INSERT INTO  crewmember VALUES ('7206-9952-UTX', 'Gentry', 'Fleur', 'Romulan', '2277-02-26 00:00:00', 'ADM', 'NCC-59318');
INSERT INTO  crewmember VALUES ('7208-0772-UDF', 'Roth', 'Valentine', 'Ferengi', '2225-02-04 00:00:00', 'RADM', 'NCC-59318');
INSERT INTO  crewmember VALUES ('7219-2641-ABZ', 'Bright', 'Jamalia', 'Human', '2281-11-01 00:00:00', 'RADM', 'NCC-59318');
INSERT INTO  crewmember VALUES ('7254-6512-FCF', 'Caldwell', 'Lenore', 'Romulan', '2229-02-16 00:00:00', 'FADM', 'NCC-59318');
INSERT INTO  crewmember VALUES ('7273-8491-TFC', 'Mcleod', 'Paloma', 'Trill', '2243-08-01 00:00:00', 'VADM', 'NCC-59318');
INSERT INTO  crewmember VALUES ('7316-4596-SYE', 'Mclean', 'Kylynn', 'Vulcan', '2280-04-08 00:00:00', 'R', 'NCC-59318');
INSERT INTO  crewmember VALUES ('7325-8302-DWD', 'Gamble', 'Candace', 'Cardassian', '2274-08-05 00:00:00', 'PO2C', 'NCC-59318');
INSERT INTO  crewmember VALUES ('7326-8032-JPH', 'Nunez', 'Darrel', 'Dinaali', '2234-11-05 00:00:00', 'PO2C', 'NX-72307');
INSERT INTO  crewmember VALUES ('7345-6982-WCM', 'Shepherd', 'Maia', 'Caldonian', '2220-09-29 00:00:00', 'PO1C', 'NX-72307');
INSERT INTO  crewmember VALUES ('7360-1985-EPJ', 'Ellison', 'Heather', 'Andorian', '2268-03-11 00:00:00', 'VADM', 'NCC-1701');
INSERT INTO  crewmember VALUES ('7393-4536-DUI', 'Rasmussen', 'Lacota', 'Human', '2246-02-27 00:00:00', 'PO3C', 'NCC-1672');
INSERT INTO  crewmember VALUES ('7403-2823-WYJ', 'Sparks', 'August', 'Arcturian', '2234-09-08 00:00:00', 'LCDR', 'NX-72307');
INSERT INTO  crewmember VALUES ('7414-5051-VPN', 'Kennedy', 'Britanni', 'Klingon', '2305-11-20 00:00:00', 'COMO', 'NCC-59318');
INSERT INTO  crewmember VALUES ('7419-5732-OVP', 'Miles', 'Karen', 'Andorian', '2215-02-24 00:00:00', 'CDT3', 'NCC-1701');
INSERT INTO  crewmember VALUES ('7452-0660-OXA', 'Briggs', 'Duncan', 'Betazoid', '2233-01-11 00:00:00', 'ENS', 'NCC-1701');
INSERT INTO  crewmember VALUES ('7457-9780-AQX', 'Lane', 'Cassady', 'Android', '2298-10-23 00:00:00', 'PO1C', 'NX-72307');
INSERT INTO  crewmember VALUES ('7483-5688-KHN', 'Head', 'Camilla', 'Cardassian', '2306-05-20 00:00:00', 'C2C', 'NCC-59318');
INSERT INTO  crewmember VALUES ('7504-6649-FCN', 'England', 'Emily', 'Antaran', '2245-09-24 00:00:00', 'CDT1', 'NCC-1672');
INSERT INTO  crewmember VALUES ('7528-7896-VJZ', 'Huber', 'Shelby', 'Klingon', '2259-12-10 00:00:00', 'FADM', 'NX-72307');
INSERT INTO  crewmember VALUES ('7558-2281-SQZ', 'Santos', 'Ori', 'Romulan', '2305-08-14 00:00:00', 'ENS', 'NCC-1672');
INSERT INTO  crewmember VALUES ('7560-0611-JUX', 'Lamb', 'Bernard', 'Human', '2248-09-06 00:00:00', 'PO1C', 'NCC-59318');
INSERT INTO  crewmember VALUES ('7564-0540-YLG', 'Obrien', 'Charde', 'Medusan', '2284-05-10 00:00:00', 'C2C', 'NCC-59318');
INSERT INTO  crewmember VALUES ('7574-5327-QAY', 'Cantu', 'Melyssa', 'Caldonian', '2287-03-17 00:00:00', 'CDT2', 'NCC-1701');
INSERT INTO  crewmember VALUES ('7578-6267-QJM', 'Bryan', 'Dai', 'Dinaali', '2309-12-14 00:00:00', 'LCDR', 'NCC-1701');
INSERT INTO  crewmember VALUES ('7627-1861-IVG', 'Houston', 'Julie', 'Andorian', '2289-12-08 00:00:00', 'PO3C', 'NCC-1672');
INSERT INTO  crewmember VALUES ('7635-6791-KAT', 'Pugh', 'Davis', 'Android', '2266-10-13 00:00:00', 'CDT4', 'NCC-59318');
INSERT INTO  crewmember VALUES ('7636-8259-SRD', 'Thornton', 'Brynne', 'Human', '2306-08-16 00:00:00', 'CDT2', 'NX-72307');
INSERT INTO  crewmember VALUES ('7646-9747-ADF', 'Norris', 'Kevin', 'Caldonian', '2284-07-18 00:00:00', 'COMO', 'NCC-59318');
INSERT INTO  crewmember VALUES ('7659-3934-TEI', 'Beck', 'Anjolie', 'Medusan', '2220-02-26 00:00:00', 'ENS', 'NCC-59318');
INSERT INTO  crewmember VALUES ('7671-4413-ENI', 'Cunningham', 'Talon', 'Dinaali', '2234-07-22 00:00:00', 'R', 'NCC-1701');
INSERT INTO  crewmember VALUES ('7679-7470-CMP', 'Cherry', 'Octavia', 'Human', '2230-02-28 00:00:00', 'FADM', 'NX-72307');
INSERT INTO  crewmember VALUES ('7693-4260-IDA', 'Graves', 'Nathaniel', 'Borg', '2277-07-31 00:00:00', 'FADM', 'NCC-1701');
INSERT INTO  crewmember VALUES ('7750-8893-CWL', 'Herrera', 'Hayley', 'Caldonian', '2276-01-14 00:00:00', 'C1C', 'NCC-59318');
INSERT INTO  crewmember VALUES ('7771-0804-HIL', 'Huff', 'Iris', 'Cardassian', '2261-06-12 00:00:00', 'PO3C', 'NCC-1672');
INSERT INTO  crewmember VALUES ('7785-1418-FHK', 'Mills', 'Kermit', 'Android', '2289-01-05 00:00:00', 'PO3C', 'NCC-59318');
INSERT INTO  crewmember VALUES ('7819-1660-CVQ', 'Perkins', 'Pamela', 'Android', '2281-06-11 00:00:00', 'CDT2', 'NCC-1701');
INSERT INTO  crewmember VALUES ('7826-5292-EBS', 'Campbell', 'Gareth', 'Ferengi', '2270-02-03 00:00:00', 'VADM', 'NCC-1672');
INSERT INTO  crewmember VALUES ('7827-4652-JVL', 'Castillo', 'Beatrice', 'Romulan', '2221-08-22 00:00:00', 'R', 'NCC-1672');
INSERT INTO  crewmember VALUES ('7843-8184-IDZ', 'Madden', 'Wesley', 'Ferengi', '2240-04-24 00:00:00', 'C3C', 'NX-72307');
INSERT INTO  crewmember VALUES ('7859-7223-GVV', 'Barton', 'Amena', 'Romulan', '2211-02-03 00:00:00', 'SCPO', 'NCC-1672');
INSERT INTO  crewmember VALUES ('7915-1927-IAM', 'Chandler', 'Quintessa', 'Andorian', '2252-10-29 00:00:00', 'CDT1', 'NX-72307');
INSERT INTO  crewmember VALUES ('7924-3489-CKT', 'Fowler', 'Jasper', 'Borg', '2295-08-14 00:00:00', 'ENS', 'NCC-1672');
INSERT INTO  crewmember VALUES ('7958-6269-MVL', 'Justice', 'Cole', 'Ferengi', '2289-08-13 00:00:00', 'FADM', 'NX-72307');
INSERT INTO  crewmember VALUES ('7991-3514-FCW', 'Gilmore', 'Natalie', 'Betazoid', '2243-11-03 00:00:00', 'ENS', 'NCC-59318');
INSERT INTO  crewmember VALUES ('7992-0781-HFU', 'Stafford', 'Zachary', 'Antaran', '2279-07-02 00:00:00', 'FADM', 'NCC-59318');
INSERT INTO  crewmember VALUES ('8025-5311-PRA', 'Richmond', 'Shafira', 'Dinaali', '2253-06-16 00:00:00', 'LCDR', 'NCC-1701');
INSERT INTO  crewmember VALUES ('8029-9909-XEV', 'Lucas', 'Winifred', 'Cardassian', '2275-09-13 00:00:00', 'PO3C', 'NCC-59318');
INSERT INTO  crewmember VALUES ('8041-6330-PAJ', 'Ingram', 'Edan', 'Klingon', '2229-01-17 00:00:00', 'C2C', 'NCC-1672');
INSERT INTO  crewmember VALUES ('8047-2331-URD', 'Wynn', 'Genevieve', 'Ferengi', '2214-02-09 00:00:00', 'LT', 'NX-72307');
INSERT INTO  crewmember VALUES ('8059-7440-YNL', 'Norris', 'Curran', 'Ferengi', '2245-06-15 00:00:00', 'PO3C', 'NCC-59318');
INSERT INTO  crewmember VALUES ('8072-3325-GEI', 'Bird', 'Alvin', 'Betazoid', '2212-09-22 00:00:00', 'CDT3', 'NX-72307');
INSERT INTO  crewmember VALUES ('8096-6950-OZF', 'Gentry', 'Melinda', 'Klingon', '2245-08-27 00:00:00', 'MCPO', 'NCC-1672');
INSERT INTO  crewmember VALUES ('8109-7460-KTC', 'Newman', 'Desirae', 'Vulcan', '2214-01-15 00:00:00', 'COMO', 'NCC-59318');
INSERT INTO  crewmember VALUES ('8119-9735-EYH', 'Duffy', 'Brenna', 'Ferengi', '2295-11-12 00:00:00', 'SCPO', 'NCC-1701');
INSERT INTO  crewmember VALUES ('8137-1387-HDN', 'Compton', 'Robert', 'Trill', '2232-05-17 00:00:00', 'SCPO', 'NCC-1672');
INSERT INTO  crewmember VALUES ('8197-9261-FEW', 'Atkins', 'Wyatt', 'Medusan', '2237-12-01 00:00:00', 'LCDR', 'NCC-1672');
INSERT INTO  crewmember VALUES ('8214-0496-SCX', 'Mccarty', 'Carol', 'Antaran', '2282-08-27 00:00:00', 'SCPO', 'NCC-1701');
INSERT INTO  crewmember VALUES ('8227-1317-PRN', 'Sykes', 'Kessie', 'Trill', '2297-12-12 00:00:00', 'CDT4', 'NCC-1701');
INSERT INTO  crewmember VALUES ('8236-7334-XLP', 'Gamble', 'Adele', 'Romulan', '2254-12-20 00:00:00', 'C2C', 'NCC-1701');
INSERT INTO  crewmember VALUES ('8239-7608-UPN', 'Bradshaw', 'Gabriel', 'Vulcan', '2260-02-06 00:00:00', 'PO3C', 'NCC-1701');
INSERT INTO  crewmember VALUES ('8252-6140-JNG', 'Beard', 'Vernon', 'Human', '2248-10-13 00:00:00', 'R', 'NCC-1701');
INSERT INTO  crewmember VALUES ('8253-8564-WFC', 'Reilly', 'Nissim', 'Dinaali', '2280-04-21 00:00:00', 'LTJG', 'NCC-59318');
INSERT INTO  crewmember VALUES ('8265-5654-VLM', 'Keith', 'Olympia', 'Arcturian', '2256-04-28 00:00:00', 'MCPO', 'NCC-59318');
INSERT INTO  crewmember VALUES ('8285-3322-EUF', 'Zimmerman', 'Keaton', 'Android', '2286-10-25 00:00:00', 'CDT4', 'NCC-1701');
INSERT INTO  crewmember VALUES ('8315-2989-LQH', 'Holland', 'Burke', 'Ferengi', '2236-07-19 00:00:00', 'VADM', 'NX-72307');
INSERT INTO  crewmember VALUES ('8324-5521-LWV', 'Mcmillan', 'Drew', 'Ferengi', '2248-08-31 00:00:00', 'PO3C', 'NCC-1672');
INSERT INTO  crewmember VALUES ('8337-6094-EMH', 'Long', 'Austin', 'Arcturian', '2215-02-08 00:00:00', 'CDT4', 'NX-72307');
INSERT INTO  crewmember VALUES ('8344-4552-KUT', 'Pennington', 'Gwendolyn', 'Betazoid', '2212-03-12 00:00:00', 'RADM', 'NCC-1672');
INSERT INTO  crewmember VALUES ('8350-9095-ZOR', 'Summers', 'Noah', 'Human', '2261-11-26 00:00:00', 'FADM', 'NX-72307');
INSERT INTO  crewmember VALUES ('8369-4560-XVC', 'Jimenez', 'Justine', 'Antaran', '2257-11-06 00:00:00', 'C1C', 'NX-72307');
INSERT INTO  crewmember VALUES ('8403-7345-POP', 'Stone', 'Veronica', 'Antaran', '2253-03-22 00:00:00', 'PO3C', 'NX-72307');
INSERT INTO  crewmember VALUES ('8403-9335-EII', 'Hobbs', 'Naomi', 'Borg', '2212-06-06 00:00:00', 'SCPO', 'NX-72307');
INSERT INTO  crewmember VALUES ('8411-1400-XSR', 'Lloyd', 'Wylie', 'Ferengi', '2283-09-09 00:00:00', 'MCPO', 'NCC-1672');
INSERT INTO  crewmember VALUES ('8471-6349-UDZ', 'Parsons', 'Hayfa', 'Klingon', '2251-03-01 00:00:00', 'CDR', 'NCC-59318');
INSERT INTO  crewmember VALUES ('8489-9041-BTB', 'Mccarthy', 'Shad', 'Betazoid', '2215-03-07 00:00:00', 'RADM', 'NCC-1701');
INSERT INTO  crewmember VALUES ('8493-9053-PSE', 'Barnett', 'Keith', 'Trill', '2271-09-10 00:00:00', 'C2C', 'NCC-1701');
INSERT INTO  crewmember VALUES ('8508-4952-IHV', 'Herring', 'Madeson', 'Caldonian', '2297-08-28 00:00:00', 'LTJG', 'NCC-1672');
INSERT INTO  crewmember VALUES ('8517-0950-SKW', 'Mathis', 'Dillon', 'Human', '2222-03-06 00:00:00', 'CDR', 'NCC-1672');
INSERT INTO  crewmember VALUES ('8518-1615-KTG', 'Gentry', 'Ava', 'Medusan', '2258-02-02 00:00:00', 'CDR', 'NCC-1672');
INSERT INTO  crewmember VALUES ('8538-9268-QLU', 'Albert', 'Ulla', 'Trill', '2265-02-14 00:00:00', 'VADM', 'NCC-1672');
INSERT INTO  crewmember VALUES ('8567-2849-YSG', 'Barlow', 'Hilary', 'Human', '2296-06-18 00:00:00', 'RADM', 'NCC-1701');
INSERT INTO  crewmember VALUES ('8580-4263-BWC', 'Carr', 'Warren', 'Caldonian', '2262-07-06 00:00:00', 'VADM', 'NCC-1701');
INSERT INTO  crewmember VALUES ('8613-2365-FQT', 'Morin', 'Galena', 'Ferengi', '2301-08-15 00:00:00', 'LT', 'NX-72307');
INSERT INTO  crewmember VALUES ('8635-7435-ZFG', 'Nunez', 'Irma', 'Dinaali', '2278-09-21 00:00:00', 'CAPT', 'NCC-1701');
INSERT INTO  crewmember VALUES ('8642-8822-PIJ', 'Mann', 'Linus', 'Vulcan', '2272-03-18 00:00:00', 'C1C', 'NCC-59318');
INSERT INTO  crewmember VALUES ('8643-8936-VSR', 'Norton', 'Genevieve', 'Arcturian', '2263-08-11 00:00:00', 'LT', 'NCC-1672');
INSERT INTO  crewmember VALUES ('8644-3256-FMN', 'Butler', 'Kellie', 'Caldonian', '2226-08-15 00:00:00', 'CAPT', 'NX-72307');
INSERT INTO  crewmember VALUES ('8729-0780-HDO', 'Mills', 'Jescie', 'Dinaali', '2263-10-01 00:00:00', 'FADM', 'NCC-59318');
INSERT INTO  crewmember VALUES ('8736-7533-RBS', 'Giles', 'Russell', 'Dinaali', '2297-02-19 00:00:00', 'PO3C', 'NCC-59318');
INSERT INTO  crewmember VALUES ('8744-2267-LWG', 'Joyner', 'Hillary', 'Vulcan', '2307-10-16 00:00:00', 'CAPT', 'NX-72307');
INSERT INTO  crewmember VALUES ('8760-8461-WVY', 'Watson', 'Zephr', 'Vulcan', '2278-09-01 00:00:00', 'PO1C', 'NCC-59318');
INSERT INTO  crewmember VALUES ('8764-9974-TTI', 'Clay', 'Hermione', 'Andorian', '2224-12-01 00:00:00', 'MCPO', 'NCC-59318');
INSERT INTO  crewmember VALUES ('8765-0250-IKC', 'Crawford', 'Jeremy', 'Klingon', '2231-05-15 00:00:00', 'CDT4', 'NX-72307');
INSERT INTO  crewmember VALUES ('8784-3117-OSZ', 'Salazar', 'Sebastian', 'Antaran', '2268-04-30 00:00:00', 'ADM', 'NCC-1672');
INSERT INTO  crewmember VALUES ('8805-9421-QLY', 'Conrad', 'Ila', 'Andorian', '2289-03-23 00:00:00', 'PO1C', 'NCC-1701');
INSERT INTO  crewmember VALUES ('8841-4778-ZDJ', 'Mcdaniel', 'Dolan', 'Trill', '2283-02-15 00:00:00', 'VADM', 'NCC-59318');
INSERT INTO  crewmember VALUES ('8861-4946-IBC', 'Yang', 'Jane', 'Cardassian', '2245-04-21 00:00:00', 'RADM', 'NCC-59318');
INSERT INTO  crewmember VALUES ('8886-3936-VVS', 'Dawson', 'Oren', 'Vulcan', '2270-03-09 00:00:00', 'PO2C', 'NX-72307');
INSERT INTO  crewmember VALUES ('8896-1739-NAI', 'Castillo', 'Reed', 'Borg', '2284-10-13 00:00:00', 'FADM', 'NCC-59318');
INSERT INTO  crewmember VALUES ('8896-7533-MKZ', 'Cooper', 'Beck', 'Caldonian', '2231-05-28 00:00:00', 'C3C', 'NCC-1701');
INSERT INTO  crewmember VALUES ('8901-4419-RVZ', 'Perkins', 'Aimee', 'Vulcan', '2255-11-10 00:00:00', 'CDR', 'NX-72307');
INSERT INTO  crewmember VALUES ('8922-4290-LGR', 'Beasley', 'Katell', 'Caldonian', '2266-02-08 00:00:00', 'CDT3', 'NCC-59318');
INSERT INTO  crewmember VALUES ('8937-3529-TPN', 'Best', 'Shad', 'Medusan', '2234-01-19 00:00:00', 'CDT2', 'NCC-1672');
INSERT INTO  crewmember VALUES ('8962-6720-MNX', 'Slater', 'Leandra', 'Caldonian', '2215-05-08 00:00:00', 'LCDR', 'NCC-1701');
INSERT INTO  crewmember VALUES ('8967-3133-WOG', 'Oconnor', 'Ryder', 'Cardassian', '2253-10-14 00:00:00', 'CDT3', 'NCC-1701');
INSERT INTO  crewmember VALUES ('8969-6885-AVS', 'Mclean', 'Dana', 'Human', '2244-06-03 00:00:00', 'C2C', 'NCC-1701');
INSERT INTO  crewmember VALUES ('8974-4005-XJP', 'Christensen', 'Beverly', 'Romulan', '2273-11-05 00:00:00', 'C3C', 'NCC-1672');
INSERT INTO  crewmember VALUES ('8979-8127-RGH', 'Ortiz', 'Dora', 'Android', '2258-07-14 00:00:00', 'ADM', 'NCC-1672');
INSERT INTO  crewmember VALUES ('8985-8364-YKJ', 'Johns', 'Brody', 'Arcturian', '2228-04-02 00:00:00', 'CDT1', 'NCC-59318');
INSERT INTO  crewmember VALUES ('8996-6688-UVN', 'Roberson', 'John', 'Vulcan', '2263-12-23 00:00:00', 'PO2C', 'NCC-1701');
INSERT INTO  crewmember VALUES ('8997-1589-NCS', 'Alford', 'Latifah', 'Arcturian', '2229-06-27 00:00:00', 'R', 'NCC-1672');
INSERT INTO  crewmember VALUES ('9019-2836-EGQ', 'Dalton', 'Akeem', 'Dinaali', '2245-05-23 00:00:00', 'MCPO', 'NCC-1701');
INSERT INTO  crewmember VALUES ('9032-3945-LIB', 'Swanson', 'Lucas', 'Medusan', '2216-07-16 00:00:00', 'ADM', 'NCC-1701');
INSERT INTO  crewmember VALUES ('9073-3652-RSV', 'Hurst', 'Keane', 'Arcturian', '2271-09-28 00:00:00', 'CAPT', 'NCC-59318');
INSERT INTO  crewmember VALUES ('9098-6076-TIR', 'Orr', 'Maggy', 'Cardassian', '2304-02-16 00:00:00', 'CDT4', 'NX-72307');
INSERT INTO  crewmember VALUES ('9125-9214-CKB', 'Bonner', 'Eve', 'Human', '2275-09-30 00:00:00', 'RADM', 'NX-72307');
INSERT INTO  crewmember VALUES ('9128-8423-FDT', 'Boyle', 'Noel', 'Betazoid', '2296-11-17 00:00:00', 'PO2C', 'NCC-59318');
INSERT INTO  crewmember VALUES ('9142-2922-JSZ', 'Jarvis', 'Connor', 'Romulan', '2305-09-04 00:00:00', 'ADM', 'NCC-59318');
INSERT INTO  crewmember VALUES ('9145-0348-KHF', 'Snider', 'Donovan', 'Arcturian', '2260-06-17 00:00:00', 'RADM', 'NCC-1701');
INSERT INTO  crewmember VALUES ('9151-4837-VCU', 'Middleton', 'Bell', 'Arcturian', '2273-03-30 00:00:00', 'C1C', 'NCC-59318');
INSERT INTO  crewmember VALUES ('9157-8095-RJO', 'Foreman', 'Maxine', 'Dinaali', '2294-07-16 00:00:00', 'FADM', 'NCC-59318');
INSERT INTO  crewmember VALUES ('9181-8839-BET', 'Campbell', 'Rosalyn', 'Andorian', '2247-01-14 00:00:00', 'RADM', 'NCC-59318');
INSERT INTO  crewmember VALUES ('9185-5716-ZRR', 'Velasquez', 'Lamar', 'Trill', '2267-07-10 00:00:00', 'CDT4', 'NCC-59318');
INSERT INTO  crewmember VALUES ('9216-7902-WMT', 'Rosales', 'Beverly', 'Trill', '2246-09-19 00:00:00', 'C3C', 'NX-72307');
INSERT INTO  crewmember VALUES ('9268-8527-CPM', 'Scott', 'Jolene', 'Borg', '2286-12-08 00:00:00', 'CDT2', 'NCC-1701');
INSERT INTO  crewmember VALUES ('9283-2357-KWM', 'Knapp', 'Dante', 'Cardassian', '2263-07-23 00:00:00', 'PO2C', 'NX-72307');
INSERT INTO  crewmember VALUES ('9310-5669-ACW', 'House', 'Lev', 'Vulcan', '2287-09-23 00:00:00', 'C3C', 'NCC-1701');
INSERT INTO  crewmember VALUES ('9322-7188-YFB', 'Price', 'Jemima', 'Betazoid', '2291-07-26 00:00:00', 'ADM', 'NX-72307');
INSERT INTO  crewmember VALUES ('9345-8713-GYJ', 'May', 'Laith', 'Vulcan', '2243-02-01 00:00:00', 'PO3C', 'NCC-1701');
INSERT INTO  crewmember VALUES ('9347-0404-MCT', 'Johns', 'Nita', 'Arcturian', '2270-11-25 00:00:00', 'LCDR', 'NCC-1672');
INSERT INTO  crewmember VALUES ('9351-0996-DEJ', 'Ramos', 'Hashim', 'Android', '2231-08-06 00:00:00', 'PO2C', 'NCC-1672');
INSERT INTO  crewmember VALUES ('9363-2388-DBX', 'Roach', 'Kellie', 'Android', '2307-05-21 00:00:00', 'MCPO', 'NCC-1701');
INSERT INTO  crewmember VALUES ('9384-8834-OVC', 'Malone', 'Diana', 'Cardassian', '2304-09-25 00:00:00', 'LT', 'NCC-59318');
INSERT INTO  crewmember VALUES ('9417-3370-BYX', 'Stephens', 'Kelly', 'Cardassian', '2258-02-24 00:00:00', 'VADM', 'NCC-1701');
INSERT INTO  crewmember VALUES ('9473-6341-OXB', 'Pruitt', 'Theodore', 'Dinaali', '2241-05-12 00:00:00', 'CDT3', 'NCC-1672');
INSERT INTO  crewmember VALUES ('9510-1868-RWV', 'Brown', 'Jin', 'Cardassian', '2214-07-01 00:00:00', 'CDT4', 'NCC-1672');
INSERT INTO  crewmember VALUES ('9525-5670-YTF', 'Everett', 'Dorothy', 'Antaran', '2307-03-14 00:00:00', 'PO2C', 'NCC-1701');
INSERT INTO  crewmember VALUES ('9526-1888-JRZ', 'Frederick', 'Mona', 'Antaran', '2246-08-11 00:00:00', 'SCPO', 'NX-72307');
INSERT INTO  crewmember VALUES ('9544-3641-UWE', 'Davidson', 'Noble', 'Arcturian', '2278-11-03 00:00:00', 'PO3C', 'NCC-1701');
INSERT INTO  crewmember VALUES ('9559-6424-LKD', 'Jacobs', 'Kennedy', 'Andorian', '2212-09-03 00:00:00', 'PO1C', 'NCC-59318');
INSERT INTO  crewmember VALUES ('9560-6237-UWP', 'Mcgee', 'Guy', 'Andorian', '2278-12-24 00:00:00', 'CDT3', 'NCC-59318');
INSERT INTO  crewmember VALUES ('9562-2133-WFQ', 'Santiago', 'Veda', 'Arcturian', '2258-10-02 00:00:00', 'R', 'NCC-1701');
INSERT INTO  crewmember VALUES ('9566-8578-ZVO', 'Turner', 'Briar', 'Human', '2285-08-03 00:00:00', 'LTJG', 'NX-72307');
INSERT INTO  crewmember VALUES ('9571-8225-BUJ', 'Lee', 'Reagan', 'Dinaali', '2243-11-15 00:00:00', 'C1C', 'NCC-59318');
INSERT INTO  crewmember VALUES ('9611-8713-KYA', 'Herrera', 'Cruz', 'Betazoid', '2257-05-19 00:00:00', 'SCPO', 'NCC-59318');
INSERT INTO  crewmember VALUES ('9645-2807-LDM', 'Hartman', 'Rebekah', 'Cardassian', '2298-11-14 00:00:00', 'PO3C', 'NX-72307');
INSERT INTO  crewmember VALUES ('9657-9484-ZUN', 'Rios', 'Malcolm', 'Vulcan', '2262-06-09 00:00:00', 'MCPO', 'NCC-59318');
INSERT INTO  crewmember VALUES ('9669-6488-FEQ', 'Eaton', 'Ivana', 'Caldonian', '2280-06-09 00:00:00', 'LCDR', 'NX-72307');
INSERT INTO  crewmember VALUES ('9700-6486-YXZ', 'Randolph', 'Hamilton', 'Human', '2217-12-17 00:00:00', 'C3C', 'NX-72307');
INSERT INTO  crewmember VALUES ('9710-9610-LFK', 'Willis', 'Marvin', 'Andorian', '2304-07-12 00:00:00', 'CDT2', 'NCC-1672');
INSERT INTO  crewmember VALUES ('9735-8559-MZW', 'Reeves', 'Asher', 'Ferengi', '2231-03-19 00:00:00', 'FADM', 'NCC-59318');
INSERT INTO  crewmember VALUES ('9749-1127-LAX', 'Reilly', 'Kellie', 'Arcturian', '2276-03-03 00:00:00', 'CAPT', 'NX-72307');
INSERT INTO  crewmember VALUES ('9749-4836-SUJ', 'Cantu', 'Darius', 'Dinaali', '2240-05-17 00:00:00', 'C2C', 'NCC-59318');
INSERT INTO  crewmember VALUES ('9790-1668-BPG', 'Johns', 'Olivia', 'Android', '2298-10-03 00:00:00', 'CDT4', 'NCC-1672');
INSERT INTO  crewmember VALUES ('9791-4366-UPS', 'Roy', 'Kevin', 'Android', '2228-05-24 00:00:00', 'CDT3', 'NCC-1672');
INSERT INTO  crewmember VALUES ('9797-3509-UWQ', 'Bright', 'Nash', 'Romulan', '2293-01-05 00:00:00', 'C2C', 'NCC-1672');
INSERT INTO  crewmember VALUES ('9803-5443-CJU', 'Blanchard', 'Laurel', 'Ferengi', '2232-01-23 00:00:00', 'C2C', 'NCC-1701');
INSERT INTO  crewmember VALUES ('9828-0439-OVU', 'Carey', 'Oleg', 'Medusan', '2267-10-11 00:00:00', 'CDR', 'NCC-1672');
INSERT INTO  crewmember VALUES ('9860-9001-MFZ', 'Schwartz', 'Quinn', 'Dinaali', '2226-09-04 00:00:00', 'LT', 'NX-72307');
INSERT INTO  crewmember VALUES ('9912-2695-CNE', 'Nguyen', 'Calvin', 'Klingon', '2243-05-04 00:00:00', 'C1C', 'NCC-59318');
INSERT INTO  crewmember VALUES ('9918-8971-DNJ', 'Bush', 'Althea', 'Andorian', '2272-04-17 00:00:00', 'C2C', 'NCC-1672');
INSERT INTO  crewmember VALUES ('9923-6760-OTG', 'Figueroa', 'Nell', 'Android', '2216-09-09 00:00:00', 'ENS', 'NX-72307');
INSERT INTO  crewmember VALUES ('9924-8669-TIH', 'Fields', 'Dominique', 'Antaran', '2231-06-05 00:00:00', 'RADM', 'NCC-1672');
INSERT INTO  crewmember VALUES ('9934-2190-DPF', 'Barr', 'Alec', 'Andorian', '2304-07-01 00:00:00', 'FADM', 'NCC-59318');
INSERT INTO  crewmember VALUES ('9942-7023-DAE', 'Parks', 'Griffin', 'Caldonian', '2249-02-27 00:00:00', 'C2C', 'NCC-1701');
INSERT INTO  crewmember VALUES ('9948-3126-OUG', 'Lester', 'Nichole', 'Borg', '2281-10-06 00:00:00', 'C3C', 'NCC-1701');
INSERT INTO  crewmember VALUES ('9960-8175-GTP', 'Sawyer', 'Josiah', 'Klingon', '2238-09-18 00:00:00', 'LT', 'NCC-59318');
INSERT INTO  crewmember VALUES ('9969-6910-ZAA', 'Odom', 'Veronica', 'Dinaali', '2289-05-22 00:00:00', 'CDT4', 'NCC-1701');
INSERT INTO  crewmember VALUES ('9983-6747-GKA', 'Knowles', 'Edan', 'Cardassian', '2280-07-05 00:00:00', 'LTJG', 'NCC-1672');
INSERT INTO  crewmember VALUES ('9983-7248-AWG', 'Rogers', 'Martena', 'Andorian', '2258-05-23 00:00:00', 'LCDR', 'NCC-59318');
INSERT INTO  crewmember VALUES ('9994-0295-WUJ', 'Kinney', 'Porter', 'Android', '2247-06-23 00:00:00', 'ADM', 'NCC-1701');
